[11/28 16:34:40] xformers WARNING: WARNING[XFORMERS]: xFormers can't load C++/CUDA extensions. xFormers was built for:
    PyTorch 2.5.1+cu121 with CUDA 1201 (you have 2.1.0+cu121)
    Python  3.9.20 (you have 3.9.2)
  Please reinstall xformers (see https://github.com/facebookresearch/xformers#installing-xformers)
  Memory-efficient attention, SwiGLU, sparse and more won't be available.
  Set XFORMERS_MORE_DETAILS=1 for more details
Command Line Args: Namespace(config_file='projects/GLEE/configs/images/Lite/Stage1_join_pretrain_coco_obj365_CLIPfrozen_R50_with_edges.yaml', resume=False, eval_only=False, num_gpus=4, num_machines=1, machine_rank=0, dist_url='tcp://127.0.0.1:50153', opts=[])
[11/28 16:34:43] xformers WARNING: WARNING[XFORMERS]: xFormers can't load C++/CUDA extensions. xFormers was built for:
    PyTorch 2.5.1+cu121 with CUDA 1201 (you have 2.1.0+cu121)
    Python  3.9.20 (you have 3.9.2)
  Please reinstall xformers (see https://github.com/facebookresearch/xformers#installing-xformers)
  Memory-efficient attention, SwiGLU, sparse and more won't be available.
  Set XFORMERS_MORE_DETAILS=1 for more details
[11/28 16:34:43] xformers WARNING: WARNING[XFORMERS]: xFormers can't load C++/CUDA extensions. xFormers was built for:
    PyTorch 2.5.1+cu121 with CUDA 1201 (you have 2.1.0+cu121)
    Python  3.9.20 (you have 3.9.2)
  Please reinstall xformers (see https://github.com/facebookresearch/xformers#installing-xformers)
  Memory-efficient attention, SwiGLU, sparse and more won't be available.
  Set XFORMERS_MORE_DETAILS=1 for more details
[11/28 16:34:43] xformers WARNING: WARNING[XFORMERS]: xFormers can't load C++/CUDA extensions. xFormers was built for:
    PyTorch 2.5.1+cu121 with CUDA 1201 (you have 2.1.0+cu121)
    Python  3.9.20 (you have 3.9.2)
  Please reinstall xformers (see https://github.com/facebookresearch/xformers#installing-xformers)
  Memory-efficient attention, SwiGLU, sparse and more won't be available.
  Set XFORMERS_MORE_DETAILS=1 for more details
[11/28 16:34:43] xformers WARNING: WARNING[XFORMERS]: xFormers can't load C++/CUDA extensions. xFormers was built for:
    PyTorch 2.5.1+cu121 with CUDA 1201 (you have 2.1.0+cu121)
    Python  3.9.20 (you have 3.9.2)
  Please reinstall xformers (see https://github.com/facebookresearch/xformers#installing-xformers)
  Memory-efficient attention, SwiGLU, sparse and more won't be available.
  Set XFORMERS_MORE_DETAILS=1 for more details
[11/28 16:34:45 detectron2]: Rank of current process: 0. World size: 4
[11/28 16:34:47 detectron2]: Environment info:
----------------------  --------------------------------------------------------------------------------------
sys.platform            linux
Python                  3.9.2 (default, Mar  3 2021, 20:02:32) [GCC 7.3.0]
numpy                   1.26.4
detectron2              0.6 @/home/wenwen/workspace/GLEE/detectron2
Compiler                GCC 9.5
CUDA compiler           CUDA 12.1
detectron2 arch flags   8.9
DETECTRON2_ENV_MODULE   <not set>
PyTorch                 2.1.0+cu121 @/home/wenwen/anaconda3/envs/glee/lib/python3.9/site-packages/torch
PyTorch debug build     False
GPU available           Yes
GPU 0,1,2,3             NVIDIA GeForce RTX 4090 D (arch=8.9)
Driver version          550.67
CUDA_HOME               /usr/local/cuda-12.1
Pillow                  11.0.0
torchvision             0.16.0+cu121 @/home/wenwen/anaconda3/envs/glee/lib/python3.9/site-packages/torchvision
torchvision arch flags  5.0, 6.0, 7.0, 7.5, 8.0, 8.6, 9.0
fvcore                  0.1.5.post20221221
iopath                  0.1.9
cv2                     4.10.0
----------------------  --------------------------------------------------------------------------------------
PyTorch built with:
  - GCC 9.3
  - C++ Version: 201703
  - Intel(R) oneAPI Math Kernel Library Version 2022.2-Product Build 20220804 for Intel(R) 64 architecture applications
  - Intel(R) MKL-DNN v3.1.1 (Git Hash 64f6bcbcbab628e96f33a62c3e975f8535a7bde4)
  - OpenMP 201511 (a.k.a. OpenMP 4.5)
  - LAPACK is enabled (usually provided by MKL)
  - NNPACK is enabled
  - CPU capability usage: AVX512
  - CUDA Runtime 12.1
  - NVCC architecture flags: -gencode;arch=compute_50,code=sm_50;-gencode;arch=compute_60,code=sm_60;-gencode;arch=compute_70,code=sm_70;-gencode;arch=compute_75,code=sm_75;-gencode;arch=compute_80,code=sm_80;-gencode;arch=compute_86,code=sm_86;-gencode;arch=compute_90,code=sm_90
  - CuDNN 8.9.2
  - Magma 2.6.1
  - Build settings: BLAS_INFO=mkl, BUILD_TYPE=Release, CUDA_VERSION=12.1, CUDNN_VERSION=8.9.2, CXX_COMPILER=/opt/rh/devtoolset-9/root/usr/bin/c++, CXX_FLAGS= -D_GLIBCXX_USE_CXX11_ABI=0 -fabi-version=11 -fvisibility-inlines-hidden -DUSE_PTHREADPOOL -DNDEBUG -DUSE_KINETO -DLIBKINETO_NOROCTRACER -DUSE_FBGEMM -DUSE_QNNPACK -DUSE_PYTORCH_QNNPACK -DUSE_XNNPACK -DSYMBOLICATE_MOBILE_DEBUG_HANDLE -O2 -fPIC -Wall -Wextra -Werror=return-type -Werror=non-virtual-dtor -Werror=bool-operation -Wnarrowing -Wno-missing-field-initializers -Wno-type-limits -Wno-array-bounds -Wno-unknown-pragmas -Wno-unused-parameter -Wno-unused-function -Wno-unused-result -Wno-strict-overflow -Wno-strict-aliasing -Wno-stringop-overflow -Wno-psabi -Wno-error=pedantic -Wno-error=old-style-cast -Wno-invalid-partial-specialization -Wno-unused-private-field -Wno-aligned-allocation-unavailable -Wno-missing-braces -fdiagnostics-color=always -faligned-new -Wno-unused-but-set-variable -Wno-maybe-uninitialized -fno-math-errno -fno-trapping-math -Werror=format -Werror=cast-function-type -Wno-stringop-overflow, LAPACK_INFO=mkl, PERF_WITH_AVX=1, PERF_WITH_AVX2=1, PERF_WITH_AVX512=1, TORCH_DISABLE_GPU_ASSERTS=ON, TORCH_VERSION=2.1.0, USE_CUDA=ON, USE_CUDNN=ON, USE_EXCEPTION_PTR=1, USE_GFLAGS=OFF, USE_GLOG=OFF, USE_MKL=ON, USE_MKLDNN=ON, USE_MPI=OFF, USE_NCCL=1, USE_NNPACK=ON, USE_OPENMP=ON, USE_ROCM=OFF, 

[11/28 16:34:47 detectron2]: Command line arguments: Namespace(config_file='projects/GLEE/configs/images/Lite/Stage1_join_pretrain_coco_obj365_CLIPfrozen_R50_with_edges.yaml', resume=False, eval_only=False, num_gpus=4, num_machines=1, machine_rank=0, dist_url='tcp://127.0.0.1:50153', opts=[])
[11/28 16:34:47 detectron2]: Contents of args.config_file=projects/GLEE/configs/images/Lite/Stage1_join_pretrain_coco_obj365_CLIPfrozen_R50_with_edges.yaml:
_BASE_: "base_clip_frozen_image_R50.yaml"
MODEL:
  WEIGHTS: "weights/converted_maskdino_r50_withoutclip.pth"
DATASETS:
  TRAIN: ("coco_2017_train_with_edges",)
  TEST: ("coco_2017_val_with_edges",)
SOLVER:
  IMS_PER_BATCH: 48
  BASE_LR: 0.0001
  STEPS: (400000,  )
  MAX_ITER: 20000
  WARMUP_ITERS: 1000
  CHECKPOINT_PERIOD: 5000
TEST:
  EVAL_PERIOD: 2000
DATALOADER:
  SAMPLER_TRAIN: "MultiDatasetSampler"
  DATASET_RATIO: [1.0, 1.0]
  USE_DIFF_BS_SIZE: True
  DATASET_BS: [24, 24]
  USE_RFS: [True, True]
  FILTER_EMPTY_ANNOTATIONS: True
  NUM_WORKERS: 4
OUTPUT_DIR: ./exp/GLEE_Lite_CLIPfrozen_pretrain
[11/28 16:34:47 detectron2]: Running with full config:
ATTENTION_ARCH: {}
CUDNN_BENCHMARK: false
DATALOADER:
  ASPECT_RATIO_GROUPING: true
  DATASET_ANN:
  - box
  - box
  DATASET_BS:
  - 24
  - 24
  DATASET_FILTERS:
  - true
  - true
  DATASET_RATIO:
  - 1.0
  - 1.0
  FILTER_EMPTY_ANNOTATIONS: true
  MULTI_DATASET_GROUPING: true
  NUM_WORKERS: 4
  REPEAT_THRESHOLD: 0.0
  SAMPLER_TRAIN: MultiDatasetSampler
  USE_DIFF_BS_SIZE: true
  USE_RFS:
  - true
  - true
DATASETS:
  PRECOMPUTED_PROPOSAL_TOPK_TEST: 1000
  PRECOMPUTED_PROPOSAL_TOPK_TRAIN: 2000
  PROPOSAL_FILES_TEST: []
  PROPOSAL_FILES_TRAIN: []
  TEST:
  - coco_2017_val_with_edges
  TRAIN:
  - coco_2017_train_with_edges
FIND_UNUSED_PARAMETERS: true
GLOBAL:
  HACK: 1.0
INPUT:
  AUGMENTATIONS: []
  CROP:
    ENABLED: true
    SINGLE_CATEGORY_MAX_AREA: 1.0
    SIZE:
    - 384
    - 600
    TYPE: absolute_range
  DATASET_MAPPER_NAME: null
  FORMAT: RGB
  IMAGE_SIZE: 1024
  MASK_FORMAT: polygon
  MAX_SCALE: 2.0
  MAX_SIZE_TEST: 1333
  MAX_SIZE_TRAIN: 1333
  MAX_SIZE_TRAIN_MULTI:
  - 1333
  - 768
  MIN_SCALE: 0.1
  MIN_SIZE_TEST: 800
  MIN_SIZE_TRAIN:
  - 480
  - 512
  - 544
  - 576
  - 608
  - 640
  - 672
  - 704
  - 736
  - 768
  - 800
  MIN_SIZE_TRAIN_MULTI:
  - - 480
    - 512
    - 544
    - 576
    - 608
    - 640
    - 672
    - 704
    - 736
    - 768
    - 800
  - - 320
    - 352
    - 392
    - 416
    - 448
    - 480
    - 512
    - 544
    - 576
    - 608
    - 640
  MIN_SIZE_TRAIN_SAMPLING: choice
  RANDOM_FLIP: horizontal
  SAMPLING_FRAME_NUM: 1
  SAMPLING_FRAME_RANGE: 10
  SAMPLING_FRAME_SHUFFLE: false
  SAMPLING_INTERVAL: 1
  SIZE_DIVISIBILITY: -1
MODEL:
  ANCHOR_GENERATOR:
    ANGLES:
    - - -90
      - 0
      - 90
    ASPECT_RATIOS:
    - - 0.5
      - 1.0
      - 2.0
    NAME: DefaultAnchorGenerator
    OFFSET: 0.0
    SIZES:
    - - 32
      - 64
      - 128
      - 256
      - 512
  BACKBONE:
    FREEZE_AT: 0
    NAME: build_resnet_backbone
  CONTRAS_MEAN: false
  CROSS_TRACK: false
  DECODER:
    DEC_LAYERS: 10
    DIM_FEEDFORWARD: 2048
    DROPOUT: 0.0
    ENFORCE_INPUT_PROJ: false
    HIDDEN_DIM: 512
    IMPORTANCE_SAMPLE_RATIO: 0.75
    MASK: true
    MAX_SPATIAL_LEN:
    - 512
    - 512
    - 512
    - 512
    NHEADS: 8
    NUM_OBJECT_QUERIES: 101
    OVERSAMPLE_RATIO: 3.0
    PRE_NORM: false
    SIZE_DIVISIBILITY: 32
    TOP_CAPTION_LAYERS: 10
    TOP_GROUNDING_LAYERS: 10
    TOP_OPENIMAGE_LAYERS: 10
    TOP_SPATIAL_LAYERS: 10
    TRAIN_NUM_POINTS: 12544
    TRANSFORMER_IN_FEATURE: multi_scale_pixel_decoder
  DEVICE: cuda
  DIM_PROJ: 256
  EARLYFUSION: true
  ENCODER:
    COMMON_STRIDE: 4
    CONVS_DIM: 512
    DEFORMABLE_TRANSFORMER_ENCODER_IN_FEATURES:
    - res3
    - res4
    - res5
    IGNORE_VALUE: 255
    IN_FEATURES:
    - res2
    - res3
    - res4
    - res5
    LOSS_WEIGHT: 1.0
    MASK_DIM: 512
    NAME: transformer_encoder_fpn
    NORM: GN
    NUM_CLASSES: 133
    TRANSFORMER_ENC_LAYERS: 6
  EVA01:
    BEIT_LIKE_GAMMA: false
    BEIT_LIKE_QKV_BIAS: true
    DEPTH: 40
    DMBED_DIM: 1408
    DROP_PATH_RATE: 0.6
    FREEZE_PATH_EMBED: true
    IMAGE_SIZE: 1280
    MLP_RATIO: 4.363636363636363
    NUM_HEADS: 16
    PATCH_SIZE: 16
    PRETRAINED_WEIGHT: null
    WINDOW_BLOCK_INDEXES:
    - 0
    - 1
    - 2
    - 4
    - 5
    - 6
    - 8
    - 9
    - 10
    - 12
    - 13
    - 14
    - 16
    - 17
    - 18
    - 20
    - 21
    - 22
    - 24
    - 25
    - 26
    - 28
    - 29
    - 30
    - 32
    - 33
    - 34
    - 36
    - 37
    - 38
    WINDOW_SIZE: 16
  EVA02:
    CHECKPOINT: true
    DEPTH: 24
    DMBED_DIM: 1024
    DROP_PATH_RATE: 0.3
    IMAGE_SIZE: 1536
    MLP_RATIO: 2.6666666666666665
    NUM_HEADS: 16
    PATCH_SIZE: 16
    PRETRAINED_WEIGHT: null
    WINDOW_BLOCK_INDEXES:
    - 0
    - 1
    - 3
    - 4
    - 6
    - 7
    - 9
    - 10
    - 12
    - 13
    - 15
    - 16
    - 18
    - 19
    - 21
    - 22
    WINDOW_SIZE: 16
  FPN:
    FUSE_TYPE: sum
    IN_FEATURES: []
    NORM: ''
    OUT_CHANNELS: 256
  FREEZE_WHOLE: false
  INTERNIMAGE:
    CENTER_FEATURE_SCALE: false
    CHANNELS: 160
    CORE_OP: DCNv3
    DEPTHS:
    - 5
    - 5
    - 22
    - 5
    DROP_PATH_RATE: 0.0
    DW_KERNEL_SIZE: null
    GROUPS:
    - 10
    - 20
    - 40
    - 80
    LAYER_SCALE: 1.0
    LEVEL2_POST_NORM: false
    LEVEL2_POST_NORM_BLOCK_IDS: null
    MLP_RATIO: 4.0
    NORM_LAYER: LN
    OFFSET_SCALE: 2.0
    OUT_IINDICES:
    - 0
    - 1
    - 2
    - 3
    POST_NORM: true
    PRETRAINED_WEIGHT: null
    RES_POST_NORM: false
    WITH_CP: false
  KEYPOINT_ON: false
  LANGUAGE_BACKBONE:
    LANG_DIM: 512
    MAX_QUERY_LEN: 77
    MODEL_TYPE: bert-base-uncased
    N_LAYERS: 1
    PAD_MAX: true
    TOKENIZER_TYPE: bert-base-uncased
    USE_CHECKPOINT: false
  LOAD_PROPOSALS: false
  MASK_ON: true
  MAX_CATEGORY_LEN: 100
  META_ARCHITECTURE: GLEE
  MaskDINO:
    BOX_LOSS: true
    BOX_WEIGHT: 5.0
    CLASS_WEIGHT: 4.0
    COST_BOX_WEIGHT: 5.0
    COST_CLASS_WEIGHT: 4.0
    COST_DICE_WEIGHT: 5.0
    COST_GIOU_WEIGHT: 2.0
    COST_MASK_WEIGHT: 5.0
    DEC_LAYERS: 9
    DEEP_SUPERVISION: true
    DICE_WEIGHT: 5.0
    DIM_FEEDFORWARD: 2048
    DN: standard
    DN_NOISE_SCALE: 0.4
    DN_NUM: 100
    DROPOUT: 0.0
    ENC_LAYERS: 0
    ENFORCE_INPUT_PROJ: false
    EVAL_FLAG: 1
    GIOU_WEIGHT: 2.0
    HIDDEN_DIM: 256
    IMPORTANCE_SAMPLE_RATIO: 0.75
    INITIALIZE_BOX_TYPE: 'no'
    INITIAL_PRED: true
    LEARN_TGT: false
    MASK_WEIGHT: 5.0
    NHEADS: 8
    NO_OBJECT_WEIGHT: 0.1
    NUM_OBJECT_QUERIES: 300
    OVERSAMPLE_RATIO: 3.0
    PANO_BOX_LOSS: false
    PRED_CONV: false
    PRE_NORM: false
    SEMANTIC_CE_LOSS: false
    SIZE_DIVISIBILITY: 32
    TEST:
      INSTANCE_ON: true
      OBJECT_MASK_THRESHOLD: 0.25
      OVERLAP_THRESHOLD: 0.8
      PANOPTIC_ON: false
      PANO_TEMPERATURE: 0.06
      PANO_TRANSFORM_EVAL: true
      SEMANTIC_ON: false
      SEM_SEG_POSTPROCESSING_BEFORE_INFERENCE: false
      TEST_FOUCUS_ON_BOX: false
    TRAIN_NUM_POINTS: 12544
    TRANSFORMER_DECODER_NAME: MaskDINODecoder
    TWO_STAGE: true
  PANOPTIC_FPN:
    COMBINE:
      ENABLED: true
      INSTANCES_CONFIDENCE_THRESH: 0.5
      OVERLAP_THRESH: 0.5
      STUFF_AREA_LIMIT: 4096
    INSTANCE_LOSS_WEIGHT: 1.0
  PIXEL_MEAN:
  - 123.675
  - 116.28
  - 103.53
  PIXEL_STD:
  - 58.395
  - 57.12
  - 57.375
  PROPOSAL_GENERATOR:
    MIN_SIZE: 0
    NAME: RPN
  PSEUDO_VIDEO: false
  RESNETS:
    DEFORM_MODULATED: false
    DEFORM_NUM_GROUPS: 1
    DEFORM_ON_PER_STAGE:
    - false
    - false
    - false
    - false
    DEPTH: 50
    NORM: FrozenBN
    NUM_GROUPS: 1
    OUT_FEATURES:
    - res2
    - res3
    - res4
    - res5
    RES2_OUT_CHANNELS: 256
    RES4_DILATION: 1
    RES5_DILATION: 1
    RES5_MULTI_GRID:
    - 1
    - 1
    - 1
    STEM_OUT_CHANNELS: 64
    STEM_TYPE: basic
    STRIDE_IN_1X1: false
    WIDTH_PER_GROUP: 64
  RETINANET:
    BBOX_REG_LOSS_TYPE: smooth_l1
    BBOX_REG_WEIGHTS: &id002
    - 1.0
    - 1.0
    - 1.0
    - 1.0
    FOCAL_LOSS_ALPHA: 0.25
    FOCAL_LOSS_GAMMA: 2.0
    IN_FEATURES:
    - p3
    - p4
    - p5
    - p6
    - p7
    IOU_LABELS:
    - 0
    - -1
    - 1
    IOU_THRESHOLDS:
    - 0.4
    - 0.5
    NMS_THRESH_TEST: 0.5
    NORM: ''
    NUM_CLASSES: 80
    NUM_CONVS: 4
    PRIOR_PROB: 0.01
    SCORE_THRESH_TEST: 0.05
    SMOOTH_L1_LOSS_BETA: 0.1
    TOPK_CANDIDATES_TEST: 1000
  ROI_BOX_CASCADE_HEAD:
    BBOX_REG_WEIGHTS:
    - &id001
      - 10.0
      - 10.0
      - 5.0
      - 5.0
    - - 20.0
      - 20.0
      - 10.0
      - 10.0
    - - 30.0
      - 30.0
      - 15.0
      - 15.0
    IOUS:
    - 0.5
    - 0.6
    - 0.7
  ROI_BOX_HEAD:
    BBOX_REG_LOSS_TYPE: smooth_l1
    BBOX_REG_LOSS_WEIGHT: 1.0
    BBOX_REG_WEIGHTS: *id001
    CLS_AGNOSTIC_BBOX_REG: false
    CONV_DIM: 256
    FC_DIM: 1024
    NAME: ''
    NORM: ''
    NUM_CONV: 0
    NUM_FC: 0
    POOLER_RESOLUTION: 14
    POOLER_SAMPLING_RATIO: 0
    POOLER_TYPE: ROIAlignV2
    SMOOTH_L1_BETA: 0.0
    TRAIN_ON_PRED_BOXES: false
  ROI_HEADS:
    BATCH_SIZE_PER_IMAGE: 512
    IN_FEATURES:
    - res4
    IOU_LABELS:
    - 0
    - 1
    IOU_THRESHOLDS:
    - 0.5
    NAME: Res5ROIHeads
    NMS_THRESH_TEST: 0.5
    NUM_CLASSES: 80
    POSITIVE_FRACTION: 0.25
    PROPOSAL_APPEND_GT: true
    SCORE_THRESH_TEST: 0.05
  ROI_KEYPOINT_HEAD:
    CONV_DIMS:
    - 512
    - 512
    - 512
    - 512
    - 512
    - 512
    - 512
    - 512
    LOSS_WEIGHT: 1.0
    MIN_KEYPOINTS_PER_IMAGE: 1
    NAME: KRCNNConvDeconvUpsampleHead
    NORMALIZE_LOSS_BY_VISIBLE_KEYPOINTS: true
    NUM_KEYPOINTS: 17
    POOLER_RESOLUTION: 14
    POOLER_SAMPLING_RATIO: 0
    POOLER_TYPE: ROIAlignV2
  ROI_MASK_HEAD:
    CLS_AGNOSTIC_MASK: false
    CONV_DIM: 256
    NAME: MaskRCNNConvUpsampleHead
    NORM: ''
    NUM_CONV: 0
    POOLER_RESOLUTION: 14
    POOLER_SAMPLING_RATIO: 0
    POOLER_TYPE: ROIAlignV2
  RPN:
    BATCH_SIZE_PER_IMAGE: 256
    BBOX_REG_LOSS_TYPE: smooth_l1
    BBOX_REG_LOSS_WEIGHT: 1.0
    BBOX_REG_WEIGHTS: *id002
    BOUNDARY_THRESH: -1
    CONV_DIMS:
    - -1
    HEAD_NAME: StandardRPNHead
    IN_FEATURES:
    - res4
    IOU_LABELS:
    - 0
    - -1
    - 1
    IOU_THRESHOLDS:
    - 0.3
    - 0.7
    LOSS_WEIGHT: 1.0
    NMS_THRESH: 0.7
    POSITIVE_FRACTION: 0.5
    POST_NMS_TOPK_TEST: 1000
    POST_NMS_TOPK_TRAIN: 2000
    PRE_NMS_TOPK_TEST: 6000
    PRE_NMS_TOPK_TRAIN: 12000
    SMOOTH_L1_BETA: 0.0
  SEM_SEG_HEAD:
    ASPP_CHANNELS: 256
    ASPP_DILATIONS:
    - 6
    - 12
    - 18
    ASPP_DROPOUT: 0.1
    COMMON_STRIDE: 4
    CONVS_DIM: 256
    DEFORMABLE_TRANSFORMER_ENCODER_IN_FEATURES:
    - res3
    - res4
    - res5
    DEFORMABLE_TRANSFORMER_ENCODER_N_HEADS: 8
    DEFORMABLE_TRANSFORMER_ENCODER_N_POINTS: 4
    DIM_FEEDFORWARD: 2048
    FEATURE_ORDER: low2high
    IGNORE_VALUE: 255
    IN_FEATURES:
    - res2
    - res3
    - res4
    - res5
    LOSS_TYPE: hard_pixel_mining
    LOSS_WEIGHT: 1.0
    MASK_DIM: 256
    NAME: MaskDINOHead
    NORM: GN
    NUM_CLASSES: 80
    NUM_FEATURE_LEVELS: 3
    PIXEL_DECODER_NAME: MaskDINOEncoder
    PROJECT_CHANNELS:
    - 48
    PROJECT_FEATURES:
    - res2
    TOTAL_NUM_FEATURE_LEVELS: 4
    TRANSFORMER_ENC_LAYERS: 6
    USE_DEPTHWISE_SEPARABLE_CONV: false
  SWIN:
    APE: false
    ATTN_DROP_RATE: 0.0
    DEPTHS:
    - 2
    - 2
    - 6
    - 2
    DROP_PATH_RATE: 0.3
    DROP_RATE: 0.0
    EMBED_DIM: 96
    MLP_RATIO: 4.0
    NUM_HEADS:
    - 3
    - 6
    - 12
    - 24
    OUT_FEATURES:
    - res2
    - res3
    - res4
    - res5
    PATCH_NORM: true
    PATCH_SIZE: 4
    PRETRAINED_WEIGHT: null
    PRETRAIN_IMG_SIZE: 224
    QKV_BIAS: true
    QK_SCALE: null
    USE_CHECKPOINT: false
    WINDOW_SIZE: 7
  TEXT:
    ARCH: clip_frozen
    AUTOGRESSIVE: true
    CONTEXT_LENGTH: 77
    HEADS: 8
    LAYERS: 12
    NAME: transformer
    TOKENIZER: clip
    WIDTH: 512
  TRACK_VERSION: v3
  VIDEO_WINDOW_SIZE: 10
  VISUAL_PROMPT: false
  WEIGHTS: weights/converted_maskdino_r50_withoutclip.pth
OUTPUT_DIR: ./exp/GLEE_Lite_CLIPfrozen_pretrain
SEED: -1
SOLVER:
  AMP:
    ENABLED: true
  BACKBONE_MULTIPLIER: 0.1
  BASE_LR: 0.0001
  BASE_LR_END: 0.0
  BIAS_LR_FACTOR: 1.0
  CHECKPOINT_PERIOD: 5000
  CLIP_GRADIENTS:
    CLIP_TYPE: full_model
    CLIP_VALUE: 0.01
    ENABLED: true
    NORM_TYPE: 2.0
  GAMMA: 0.1
  IMS_PER_BATCH: 48
  LR_DECAY_RATE: null
  LR_DECAY_RATE_NUM_LAYERS: null
  LR_SCHEDULER_NAME: WarmupMultiStepLR
  MAX_ITER: 20000
  MOMENTUM: 0.9
  NESTEROV: false
  OPTIMIZER: ADAMW
  POLY_LR_CONSTANT_ENDING: 0.0
  POLY_LR_POWER: 0.9
  REFERENCE_WORLD_SIZE: 0
  STEPS:
  - 400000
  TEXTENCODER_MULTIPLIER: 1.0
  WARMUP_FACTOR: 0.0001
  WARMUP_ITERS: 1000
  WARMUP_METHOD: linear
  WEIGHT_DECAY: 0.05
  WEIGHT_DECAY_BIAS: null
  WEIGHT_DECAY_NORM: 0.0
TEST:
  AUG:
    ENABLED: false
    FLIP: true
    MAX_SIZE: 4000
    MIN_SIZES:
    - 400
    - 500
    - 600
    - 700
    - 800
    - 900
    - 1000
    - 1100
    - 1200
  DETECTIONS_PER_IMAGE: 100
  EVAL_PERIOD: 2000
  EXPECTED_RESULTS: []
  KEYPOINT_OKS_SIGMAS: []
  PRECISE_BN:
    ENABLED: false
    NUM_ITER: 200
VERSION: 2
VIS_PERIOD: 0

[11/28 16:34:47 detectron2]: Full config saved to ./exp/GLEE_Lite_CLIPfrozen_pretrain/config.yaml
[11/28 16:34:47 d2.utils.env]: Using a generated random seed 48108776
[11/28 16:34:55 d2.engine.defaults]: Model:
GLEE(
  (glee): GLEE_Model(
    (matcher): Matcher HungarianMatcher
        cost_class: 4.0
        cost_mask: 5.0
        cost_dice: 5.0
    (backbone): ResNet(
      (stem): BasicStem(
        (conv1): Conv2d(
          3, 64, kernel_size=(7, 7), stride=(2, 2), padding=(3, 3), bias=False
          (norm): FrozenBatchNorm2d(num_features=64, eps=1e-05)
        )
        (conv1_alpha): Conv2d(1, 64, kernel_size=(3, 3), stride=(2, 2), padding=(1, 1), bias=False)
      )
      (res2): Sequential(
        (0): BottleneckBlock(
          (shortcut): Conv2d(
            64, 256, kernel_size=(1, 1), stride=(1, 1), bias=False
            (norm): FrozenBatchNorm2d(num_features=256, eps=1e-05)
          )
          (conv1): Conv2d(
            64, 64, kernel_size=(1, 1), stride=(1, 1), bias=False
            (norm): FrozenBatchNorm2d(num_features=64, eps=1e-05)
          )
          (conv2): Conv2d(
            64, 64, kernel_size=(3, 3), stride=(1, 1), padding=(1, 1), bias=False
            (norm): FrozenBatchNorm2d(num_features=64, eps=1e-05)
          )
          (conv3): Conv2d(
            64, 256, kernel_size=(1, 1), stride=(1, 1), bias=False
            (norm): FrozenBatchNorm2d(num_features=256, eps=1e-05)
          )
        )
        (1): BottleneckBlock(
          (conv1): Conv2d(
            256, 64, kernel_size=(1, 1), stride=(1, 1), bias=False
            (norm): FrozenBatchNorm2d(num_features=64, eps=1e-05)
          )
          (conv2): Conv2d(
            64, 64, kernel_size=(3, 3), stride=(1, 1), padding=(1, 1), bias=False
            (norm): FrozenBatchNorm2d(num_features=64, eps=1e-05)
          )
          (conv3): Conv2d(
            64, 256, kernel_size=(1, 1), stride=(1, 1), bias=False
            (norm): FrozenBatchNorm2d(num_features=256, eps=1e-05)
          )
        )
        (2): BottleneckBlock(
          (conv1): Conv2d(
            256, 64, kernel_size=(1, 1), stride=(1, 1), bias=False
            (norm): FrozenBatchNorm2d(num_features=64, eps=1e-05)
          )
          (conv2): Conv2d(
            64, 64, kernel_size=(3, 3), stride=(1, 1), padding=(1, 1), bias=False
            (norm): FrozenBatchNorm2d(num_features=64, eps=1e-05)
          )
          (conv3): Conv2d(
            64, 256, kernel_size=(1, 1), stride=(1, 1), bias=False
            (norm): FrozenBatchNorm2d(num_features=256, eps=1e-05)
          )
        )
      )
      (res3): Sequential(
        (0): BottleneckBlock(
          (shortcut): Conv2d(
            256, 512, kernel_size=(1, 1), stride=(2, 2), bias=False
            (norm): FrozenBatchNorm2d(num_features=512, eps=1e-05)
          )
          (conv1): Conv2d(
            256, 128, kernel_size=(1, 1), stride=(1, 1), bias=False
            (norm): FrozenBatchNorm2d(num_features=128, eps=1e-05)
          )
          (conv2): Conv2d(
            128, 128, kernel_size=(3, 3), stride=(2, 2), padding=(1, 1), bias=False
            (norm): FrozenBatchNorm2d(num_features=128, eps=1e-05)
          )
          (conv3): Conv2d(
            128, 512, kernel_size=(1, 1), stride=(1, 1), bias=False
            (norm): FrozenBatchNorm2d(num_features=512, eps=1e-05)
          )
        )
        (1): BottleneckBlock(
          (conv1): Conv2d(
            512, 128, kernel_size=(1, 1), stride=(1, 1), bias=False
            (norm): FrozenBatchNorm2d(num_features=128, eps=1e-05)
          )
          (conv2): Conv2d(
            128, 128, kernel_size=(3, 3), stride=(1, 1), padding=(1, 1), bias=False
            (norm): FrozenBatchNorm2d(num_features=128, eps=1e-05)
          )
          (conv3): Conv2d(
            128, 512, kernel_size=(1, 1), stride=(1, 1), bias=False
            (norm): FrozenBatchNorm2d(num_features=512, eps=1e-05)
          )
        )
        (2): BottleneckBlock(
          (conv1): Conv2d(
            512, 128, kernel_size=(1, 1), stride=(1, 1), bias=False
            (norm): FrozenBatchNorm2d(num_features=128, eps=1e-05)
          )
          (conv2): Conv2d(
            128, 128, kernel_size=(3, 3), stride=(1, 1), padding=(1, 1), bias=False
            (norm): FrozenBatchNorm2d(num_features=128, eps=1e-05)
          )
          (conv3): Conv2d(
            128, 512, kernel_size=(1, 1), stride=(1, 1), bias=False
            (norm): FrozenBatchNorm2d(num_features=512, eps=1e-05)
          )
        )
        (3): BottleneckBlock(
          (conv1): Conv2d(
            512, 128, kernel_size=(1, 1), stride=(1, 1), bias=False
            (norm): FrozenBatchNorm2d(num_features=128, eps=1e-05)
          )
          (conv2): Conv2d(
            128, 128, kernel_size=(3, 3), stride=(1, 1), padding=(1, 1), bias=False
            (norm): FrozenBatchNorm2d(num_features=128, eps=1e-05)
          )
          (conv3): Conv2d(
            128, 512, kernel_size=(1, 1), stride=(1, 1), bias=False
            (norm): FrozenBatchNorm2d(num_features=512, eps=1e-05)
          )
        )
      )
      (res4): Sequential(
        (0): BottleneckBlock(
          (shortcut): Conv2d(
            512, 1024, kernel_size=(1, 1), stride=(2, 2), bias=False
            (norm): FrozenBatchNorm2d(num_features=1024, eps=1e-05)
          )
          (conv1): Conv2d(
            512, 256, kernel_size=(1, 1), stride=(1, 1), bias=False
            (norm): FrozenBatchNorm2d(num_features=256, eps=1e-05)
          )
          (conv2): Conv2d(
            256, 256, kernel_size=(3, 3), stride=(2, 2), padding=(1, 1), bias=False
            (norm): FrozenBatchNorm2d(num_features=256, eps=1e-05)
          )
          (conv3): Conv2d(
            256, 1024, kernel_size=(1, 1), stride=(1, 1), bias=False
            (norm): FrozenBatchNorm2d(num_features=1024, eps=1e-05)
          )
        )
        (1): BottleneckBlock(
          (conv1): Conv2d(
            1024, 256, kernel_size=(1, 1), stride=(1, 1), bias=False
            (norm): FrozenBatchNorm2d(num_features=256, eps=1e-05)
          )
          (conv2): Conv2d(
            256, 256, kernel_size=(3, 3), stride=(1, 1), padding=(1, 1), bias=False
            (norm): FrozenBatchNorm2d(num_features=256, eps=1e-05)
          )
          (conv3): Conv2d(
            256, 1024, kernel_size=(1, 1), stride=(1, 1), bias=False
            (norm): FrozenBatchNorm2d(num_features=1024, eps=1e-05)
          )
        )
        (2): BottleneckBlock(
          (conv1): Conv2d(
            1024, 256, kernel_size=(1, 1), stride=(1, 1), bias=False
            (norm): FrozenBatchNorm2d(num_features=256, eps=1e-05)
          )
          (conv2): Conv2d(
            256, 256, kernel_size=(3, 3), stride=(1, 1), padding=(1, 1), bias=False
            (norm): FrozenBatchNorm2d(num_features=256, eps=1e-05)
          )
          (conv3): Conv2d(
            256, 1024, kernel_size=(1, 1), stride=(1, 1), bias=False
            (norm): FrozenBatchNorm2d(num_features=1024, eps=1e-05)
          )
        )
        (3): BottleneckBlock(
          (conv1): Conv2d(
            1024, 256, kernel_size=(1, 1), stride=(1, 1), bias=False
            (norm): FrozenBatchNorm2d(num_features=256, eps=1e-05)
          )
          (conv2): Conv2d(
            256, 256, kernel_size=(3, 3), stride=(1, 1), padding=(1, 1), bias=False
            (norm): FrozenBatchNorm2d(num_features=256, eps=1e-05)
          )
          (conv3): Conv2d(
            256, 1024, kernel_size=(1, 1), stride=(1, 1), bias=False
            (norm): FrozenBatchNorm2d(num_features=1024, eps=1e-05)
          )
        )
        (4): BottleneckBlock(
          (conv1): Conv2d(
            1024, 256, kernel_size=(1, 1), stride=(1, 1), bias=False
            (norm): FrozenBatchNorm2d(num_features=256, eps=1e-05)
          )
          (conv2): Conv2d(
            256, 256, kernel_size=(3, 3), stride=(1, 1), padding=(1, 1), bias=False
            (norm): FrozenBatchNorm2d(num_features=256, eps=1e-05)
          )
          (conv3): Conv2d(
            256, 1024, kernel_size=(1, 1), stride=(1, 1), bias=False
            (norm): FrozenBatchNorm2d(num_features=1024, eps=1e-05)
          )
        )
        (5): BottleneckBlock(
          (conv1): Conv2d(
            1024, 256, kernel_size=(1, 1), stride=(1, 1), bias=False
            (norm): FrozenBatchNorm2d(num_features=256, eps=1e-05)
          )
          (conv2): Conv2d(
            256, 256, kernel_size=(3, 3), stride=(1, 1), padding=(1, 1), bias=False
            (norm): FrozenBatchNorm2d(num_features=256, eps=1e-05)
          )
          (conv3): Conv2d(
            256, 1024, kernel_size=(1, 1), stride=(1, 1), bias=False
            (norm): FrozenBatchNorm2d(num_features=1024, eps=1e-05)
          )
        )
      )
      (res5): Sequential(
        (0): BottleneckBlock(
          (shortcut): Conv2d(
            1024, 2048, kernel_size=(1, 1), stride=(2, 2), bias=False
            (norm): FrozenBatchNorm2d(num_features=2048, eps=1e-05)
          )
          (conv1): Conv2d(
            1024, 512, kernel_size=(1, 1), stride=(1, 1), bias=False
            (norm): FrozenBatchNorm2d(num_features=512, eps=1e-05)
          )
          (conv2): Conv2d(
            512, 512, kernel_size=(3, 3), stride=(2, 2), padding=(1, 1), bias=False
            (norm): FrozenBatchNorm2d(num_features=512, eps=1e-05)
          )
          (conv3): Conv2d(
            512, 2048, kernel_size=(1, 1), stride=(1, 1), bias=False
            (norm): FrozenBatchNorm2d(num_features=2048, eps=1e-05)
          )
        )
        (1): BottleneckBlock(
          (conv1): Conv2d(
            2048, 512, kernel_size=(1, 1), stride=(1, 1), bias=False
            (norm): FrozenBatchNorm2d(num_features=512, eps=1e-05)
          )
          (conv2): Conv2d(
            512, 512, kernel_size=(3, 3), stride=(1, 1), padding=(1, 1), bias=False
            (norm): FrozenBatchNorm2d(num_features=512, eps=1e-05)
          )
          (conv3): Conv2d(
            512, 2048, kernel_size=(1, 1), stride=(1, 1), bias=False
            (norm): FrozenBatchNorm2d(num_features=2048, eps=1e-05)
          )
        )
        (2): BottleneckBlock(
          (conv1): Conv2d(
            2048, 512, kernel_size=(1, 1), stride=(1, 1), bias=False
            (norm): FrozenBatchNorm2d(num_features=512, eps=1e-05)
          )
          (conv2): Conv2d(
            512, 512, kernel_size=(3, 3), stride=(1, 1), padding=(1, 1), bias=False
            (norm): FrozenBatchNorm2d(num_features=512, eps=1e-05)
          )
          (conv3): Conv2d(
            512, 2048, kernel_size=(1, 1), stride=(1, 1), bias=False
            (norm): FrozenBatchNorm2d(num_features=2048, eps=1e-05)
          )
        )
      )
      (attnpool): AttentionPool2d(
        (k_proj): Linear(in_features=2048, out_features=2048, bias=True)
        (q_proj): Linear(in_features=2048, out_features=2048, bias=True)
        (v_proj): Linear(in_features=2048, out_features=2048, bias=True)
        (c_proj): Linear(in_features=2048, out_features=1024, bias=True)
      )
    )
    (text_encoder): CLIPTextModel(
      (text_model): CLIPTextTransformer(
        (embeddings): CLIPTextEmbeddings(
          (token_embedding): Embedding(49408, 512)
          (position_embedding): Embedding(77, 512)
        )
        (encoder): CLIPEncoder(
          (layers): ModuleList(
            (0-11): 12 x CLIPEncoderLayer(
              (self_attn): CLIPAttention(
                (k_proj): Linear(in_features=512, out_features=512, bias=True)
                (v_proj): Linear(in_features=512, out_features=512, bias=True)
                (q_proj): Linear(in_features=512, out_features=512, bias=True)
                (out_proj): Linear(in_features=512, out_features=512, bias=True)
              )
              (layer_norm1): LayerNorm((512,), eps=1e-05, elementwise_affine=True)
              (mlp): CLIPMLP(
                (activation_fn): QuickGELUActivation()
                (fc1): Linear(in_features=512, out_features=2048, bias=True)
                (fc2): Linear(in_features=2048, out_features=512, bias=True)
              )
              (layer_norm2): LayerNorm((512,), eps=1e-05, elementwise_affine=True)
            )
          )
        )
        (final_layer_norm): LayerNorm((512,), eps=1e-05, elementwise_affine=True)
      )
    )
    (pixel_decoder): MaskDINOEncoder(
      (input_proj): ModuleList(
        (0): Sequential(
          (0): Conv2d(512, 256, kernel_size=(1, 1), stride=(1, 1))
          (1): GroupNorm(32, 256, eps=1e-05, affine=True)
        )
        (1): Sequential(
          (0): Conv2d(1024, 256, kernel_size=(1, 1), stride=(1, 1))
          (1): GroupNorm(32, 256, eps=1e-05, affine=True)
        )
        (2): Sequential(
          (0): Conv2d(2048, 256, kernel_size=(1, 1), stride=(1, 1))
          (1): GroupNorm(32, 256, eps=1e-05, affine=True)
        )
        (3): Sequential(
          (0): Conv2d(2048, 256, kernel_size=(3, 3), stride=(2, 2), padding=(1, 1))
          (1): GroupNorm(32, 256, eps=1e-05, affine=True)
        )
      )
      (transformer): MSDeformAttnTransformerEncoderOnly(
        (encoder): MSDeformAttnTransformerEncoder(
          (layers): ModuleList(
            (0-5): 6 x MSDeformAttnTransformerEncoderLayer(
              (self_attn): MSDeformAttn(
                (sampling_offsets): Linear(in_features=256, out_features=256, bias=True)
                (attention_weights): Linear(in_features=256, out_features=128, bias=True)
                (value_proj): Linear(in_features=256, out_features=256, bias=True)
                (output_proj): Linear(in_features=256, out_features=256, bias=True)
              )
              (dropout1): Dropout(p=0.0, inplace=False)
              (norm1): LayerNorm((256,), eps=1e-05, elementwise_affine=True)
              (linear1): Linear(in_features=256, out_features=2048, bias=True)
              (dropout2): Dropout(p=0.0, inplace=False)
              (linear2): Linear(in_features=2048, out_features=256, bias=True)
              (dropout3): Dropout(p=0.0, inplace=False)
              (norm2): LayerNorm((256,), eps=1e-05, elementwise_affine=True)
            )
          )
          (vl_layers): ModuleList(
            (0): VLFuse(
              (b_attn): BiAttentionBlockForCheckpoint(
                (layer_norm_v): LayerNorm((256,), eps=1e-05, elementwise_affine=True)
                (layer_norm_l): LayerNorm((256,), eps=1e-05, elementwise_affine=True)
                (attn): BiMultiHeadAttention(
                  (v_proj): Linear(in_features=256, out_features=2048, bias=True)
                  (l_proj): Linear(in_features=256, out_features=2048, bias=True)
                  (values_v_proj): Linear(in_features=256, out_features=2048, bias=True)
                  (values_l_proj): Linear(in_features=256, out_features=2048, bias=True)
                  (out_v_proj): Linear(in_features=2048, out_features=256, bias=True)
                  (out_l_proj): Linear(in_features=2048, out_features=256, bias=True)
                )
                (drop_path): Identity()
              )
            )
            (1-5): 5 x Identity()
          )
        )
      )
      (pe_layer): Positional encoding PositionEmbeddingSine
          num_pos_feats: 128
          temperature: 10000
          normalize: True
          scale: 6.283185307179586
      (mask_features): Conv2d(256, 256, kernel_size=(1, 1), stride=(1, 1))
      (adapter_1): Conv2d(
        256, 256, kernel_size=(1, 1), stride=(1, 1), bias=False
        (norm): GroupNorm(32, 256, eps=1e-05, affine=True)
      )
      (layer_1): Conv2d(
        256, 256, kernel_size=(3, 3), stride=(1, 1), padding=(1, 1), bias=False
        (norm): GroupNorm(32, 256, eps=1e-05, affine=True)
      )
    )
    (predictor): MaskDINODecoder(
      (enc_output): Linear(in_features=256, out_features=256, bias=True)
      (enc_output_norm): LayerNorm((256,), eps=1e-05, elementwise_affine=True)
      (input_proj): ModuleList(
        (0-3): 4 x Sequential()
      )
      (confidence_score): MLP(
        (layers): ModuleList(
          (0): Linear(in_features=256, out_features=256, bias=True)
          (1): Linear(in_features=256, out_features=1, bias=True)
        )
      )
      (coco_label_enc): Embedding(80, 256)
      (obj365_label_enc): Embedding(100, 256)
      (vg_label_enc): Embedding(200, 256)
      (grounding_label_enc): Embedding(1, 256)
      (ytvis19_label_enc): Embedding(40, 256)
      (ytvis21_label_enc): Embedding(40, 256)
      (ovis_label_enc): Embedding(25, 256)
      (uvo_label_enc): Embedding(81, 256)
      (bdd_det): Embedding(10, 256)
      (bdd_inst): Embedding(8, 256)
      (mask_embed): MLP(
        (layers): ModuleList(
          (0-2): 3 x Linear(in_features=256, out_features=256, bias=True)
        )
      )
      (decoder_norm): LayerNorm((256,), eps=1e-05, elementwise_affine=True)
      (decoder): TransformerDecoder(
        (layers): ModuleList(
          (0-8): 9 x DeformableTransformerDecoderLayer(
            (cross_attn): MSDeformAttn(
              (sampling_offsets): Linear(in_features=256, out_features=256, bias=True)
              (attention_weights): Linear(in_features=256, out_features=128, bias=True)
              (value_proj): Linear(in_features=256, out_features=256, bias=True)
              (output_proj): Linear(in_features=256, out_features=256, bias=True)
            )
            (dropout1): Dropout(p=0.0, inplace=False)
            (norm1): LayerNorm((256,), eps=1e-05, elementwise_affine=True)
            (self_attn): MultiheadAttention(
              (out_proj): NonDynamicallyQuantizableLinear(in_features=256, out_features=256, bias=True)
            )
            (dropout2): Dropout(p=0.0, inplace=False)
            (norm2): LayerNorm((256,), eps=1e-05, elementwise_affine=True)
            (linear1): Linear(in_features=256, out_features=2048, bias=True)
            (dropout3): Dropout(p=0.0, inplace=False)
            (linear2): Linear(in_features=2048, out_features=256, bias=True)
            (dropout4): Dropout(p=0.0, inplace=False)
            (norm3): LayerNorm((256,), eps=1e-05, elementwise_affine=True)
          )
        )
        (norm): LayerNorm((256,), eps=1e-05, elementwise_affine=True)
        (ref_point_head): MLP(
          (layers): ModuleList(
            (0): Linear(in_features=512, out_features=256, bias=True)
            (1): Linear(in_features=256, out_features=256, bias=True)
          )
        )
        (bbox_embed): ModuleList(
          (0-8): 9 x MLP(
            (layers): ModuleList(
              (0-1): 2 x Linear(in_features=256, out_features=256, bias=True)
              (2): Linear(in_features=256, out_features=4, bias=True)
            )
          )
        )
      )
      (_bbox_embed): MLP(
        (layers): ModuleList(
          (0-1): 2 x Linear(in_features=256, out_features=256, bias=True)
          (2): Linear(in_features=256, out_features=4, bias=True)
        )
      )
      (bbox_embed): ModuleList(
        (0-8): 9 x MLP(
          (layers): ModuleList(
            (0-1): 2 x Linear(in_features=256, out_features=256, bias=True)
            (2): Linear(in_features=256, out_features=4, bias=True)
          )
        )
      )
    )
    (mask_sptial_embed): ParameterList(
        (0): Parameter containing: [torch.float32 of size 256x256 (cuda:0)]
        (1): Parameter containing: [torch.float32 of size 256x256 (cuda:0)]
        (2): Parameter containing: [torch.float32 of size 256x256 (cuda:0)]
        (3): Parameter containing: [torch.float32 of size 256x256 (cuda:0)]
    )
    (pn_indicator): Embedding(2, 256)
  )
  (criterion): Criterion SetCriterion
      matcher: Matcher HungarianMatcher
          cost_class: 4.0
          cost_mask: 5.0
          cost_dice: 5.0
      losses: ['labels', 'masks', 'boxes', 'conf']
      weight_dict: {'loss_ce': 4.0, 'loss_conf': 4.0, 'loss_mask': 5.0, 'loss_dice': 5.0, 'loss_bbox': 5.0, 'loss_giou': 2.0, 'track_loss': 2.0, 'dist_loss': 4.0, 'contrastive_learning_loss': 20.0, 'loss_ce_interm': 4.0, 'loss_conf_interm': 4.0, 'loss_mask_interm': 5.0, 'loss_dice_interm': 5.0, 'loss_bbox_interm': 5.0, 'loss_giou_interm': 2.0, 'track_loss_interm': 2.0, 'dist_loss_interm': 4.0, 'contrastive_learning_loss_interm': 20.0, 'loss_ce_dn': 4.0, 'loss_conf_dn': 4.0, 'loss_bbox_dn': 5.0, 'loss_giou_dn': 2.0, 'track_loss_dn': 2.0, 'dist_loss_dn': 4.0, 'contrastive_learning_loss_dn': 20.0, 'loss_ce_interm_dn': 4.0, 'loss_conf_interm_dn': 4.0, 'loss_mask_interm_dn': 5.0, 'loss_dice_interm_dn': 5.0, 'loss_bbox_interm_dn': 5.0, 'loss_giou_interm_dn': 2.0, 'track_loss_interm_dn': 2.0, 'dist_loss_interm_dn': 4.0, 'contrastive_learning_loss_interm_dn': 20.0, 'loss_ce_0': 4.0, 'loss_conf_0': 4.0, 'loss_mask_0': 5.0, 'loss_dice_0': 5.0, 'loss_bbox_0': 5.0, 'loss_giou_0': 2.0, 'track_loss_0': 2.0, 'dist_loss_0': 4.0, 'contrastive_learning_loss_0': 20.0, 'loss_ce_interm_0': 4.0, 'loss_conf_interm_0': 4.0, 'loss_mask_interm_0': 5.0, 'loss_dice_interm_0': 5.0, 'loss_bbox_interm_0': 5.0, 'loss_giou_interm_0': 2.0, 'track_loss_interm_0': 2.0, 'dist_loss_interm_0': 4.0, 'contrastive_learning_loss_interm_0': 20.0, 'loss_ce_dn_0': 4.0, 'loss_conf_dn_0': 4.0, 'loss_bbox_dn_0': 5.0, 'loss_giou_dn_0': 2.0, 'track_loss_dn_0': 2.0, 'dist_loss_dn_0': 4.0, 'contrastive_learning_loss_dn_0': 20.0, 'loss_ce_interm_dn_0': 4.0, 'loss_conf_interm_dn_0': 4.0, 'loss_mask_interm_dn_0': 5.0, 'loss_dice_interm_dn_0': 5.0, 'loss_bbox_interm_dn_0': 5.0, 'loss_giou_interm_dn_0': 2.0, 'track_loss_interm_dn_0': 2.0, 'dist_loss_interm_dn_0': 4.0, 'contrastive_learning_loss_interm_dn_0': 20.0, 'loss_ce_1': 4.0, 'loss_conf_1': 4.0, 'loss_mask_1': 5.0, 'loss_dice_1': 5.0, 'loss_bbox_1': 5.0, 'loss_giou_1': 2.0, 'track_loss_1': 2.0, 'dist_loss_1': 4.0, 'contrastive_learning_loss_1': 20.0, 'loss_ce_interm_1': 4.0, 'loss_conf_interm_1': 4.0, 'loss_mask_interm_1': 5.0, 'loss_dice_interm_1': 5.0, 'loss_bbox_interm_1': 5.0, 'loss_giou_interm_1': 2.0, 'track_loss_interm_1': 2.0, 'dist_loss_interm_1': 4.0, 'contrastive_learning_loss_interm_1': 20.0, 'loss_ce_dn_1': 4.0, 'loss_conf_dn_1': 4.0, 'loss_bbox_dn_1': 5.0, 'loss_giou_dn_1': 2.0, 'track_loss_dn_1': 2.0, 'dist_loss_dn_1': 4.0, 'contrastive_learning_loss_dn_1': 20.0, 'loss_ce_interm_dn_1': 4.0, 'loss_conf_interm_dn_1': 4.0, 'loss_mask_interm_dn_1': 5.0, 'loss_dice_interm_dn_1': 5.0, 'loss_bbox_interm_dn_1': 5.0, 'loss_giou_interm_dn_1': 2.0, 'track_loss_interm_dn_1': 2.0, 'dist_loss_interm_dn_1': 4.0, 'contrastive_learning_loss_interm_dn_1': 20.0, 'loss_ce_2': 4.0, 'loss_conf_2': 4.0, 'loss_mask_2': 5.0, 'loss_dice_2': 5.0, 'loss_bbox_2': 5.0, 'loss_giou_2': 2.0, 'track_loss_2': 2.0, 'dist_loss_2': 4.0, 'contrastive_learning_loss_2': 20.0, 'loss_ce_interm_2': 4.0, 'loss_conf_interm_2': 4.0, 'loss_mask_interm_2': 5.0, 'loss_dice_interm_2': 5.0, 'loss_bbox_interm_2': 5.0, 'loss_giou_interm_2': 2.0, 'track_loss_interm_2': 2.0, 'dist_loss_interm_2': 4.0, 'contrastive_learning_loss_interm_2': 20.0, 'loss_ce_dn_2': 4.0, 'loss_conf_dn_2': 4.0, 'loss_bbox_dn_2': 5.0, 'loss_giou_dn_2': 2.0, 'track_loss_dn_2': 2.0, 'dist_loss_dn_2': 4.0, 'contrastive_learning_loss_dn_2': 20.0, 'loss_ce_interm_dn_2': 4.0, 'loss_conf_interm_dn_2': 4.0, 'loss_mask_interm_dn_2': 5.0, 'loss_dice_interm_dn_2': 5.0, 'loss_bbox_interm_dn_2': 5.0, 'loss_giou_interm_dn_2': 2.0, 'track_loss_interm_dn_2': 2.0, 'dist_loss_interm_dn_2': 4.0, 'contrastive_learning_loss_interm_dn_2': 20.0, 'loss_ce_3': 4.0, 'loss_conf_3': 4.0, 'loss_mask_3': 5.0, 'loss_dice_3': 5.0, 'loss_bbox_3': 5.0, 'loss_giou_3': 2.0, 'track_loss_3': 2.0, 'dist_loss_3': 4.0, 'contrastive_learning_loss_3': 20.0, 'loss_ce_interm_3': 4.0, 'loss_conf_interm_3': 4.0, 'loss_mask_interm_3': 5.0, 'loss_dice_interm_3': 5.0, 'loss_bbox_interm_3': 5.0, 'loss_giou_interm_3': 2.0, 'track_loss_interm_3': 2.0, 'dist_loss_interm_3': 4.0, 'contrastive_learning_loss_interm_3': 20.0, 'loss_ce_dn_3': 4.0, 'loss_conf_dn_3': 4.0, 'loss_bbox_dn_3': 5.0, 'loss_giou_dn_3': 2.0, 'track_loss_dn_3': 2.0, 'dist_loss_dn_3': 4.0, 'contrastive_learning_loss_dn_3': 20.0, 'loss_ce_interm_dn_3': 4.0, 'loss_conf_interm_dn_3': 4.0, 'loss_mask_interm_dn_3': 5.0, 'loss_dice_interm_dn_3': 5.0, 'loss_bbox_interm_dn_3': 5.0, 'loss_giou_interm_dn_3': 2.0, 'track_loss_interm_dn_3': 2.0, 'dist_loss_interm_dn_3': 4.0, 'contrastive_learning_loss_interm_dn_3': 20.0, 'loss_ce_4': 4.0, 'loss_conf_4': 4.0, 'loss_mask_4': 5.0, 'loss_dice_4': 5.0, 'loss_bbox_4': 5.0, 'loss_giou_4': 2.0, 'track_loss_4': 2.0, 'dist_loss_4': 4.0, 'contrastive_learning_loss_4': 20.0, 'loss_ce_interm_4': 4.0, 'loss_conf_interm_4': 4.0, 'loss_mask_interm_4': 5.0, 'loss_dice_interm_4': 5.0, 'loss_bbox_interm_4': 5.0, 'loss_giou_interm_4': 2.0, 'track_loss_interm_4': 2.0, 'dist_loss_interm_4': 4.0, 'contrastive_learning_loss_interm_4': 20.0, 'loss_ce_dn_4': 4.0, 'loss_conf_dn_4': 4.0, 'loss_bbox_dn_4': 5.0, 'loss_giou_dn_4': 2.0, 'track_loss_dn_4': 2.0, 'dist_loss_dn_4': 4.0, 'contrastive_learning_loss_dn_4': 20.0, 'loss_ce_interm_dn_4': 4.0, 'loss_conf_interm_dn_4': 4.0, 'loss_mask_interm_dn_4': 5.0, 'loss_dice_interm_dn_4': 5.0, 'loss_bbox_interm_dn_4': 5.0, 'loss_giou_interm_dn_4': 2.0, 'track_loss_interm_dn_4': 2.0, 'dist_loss_interm_dn_4': 4.0, 'contrastive_learning_loss_interm_dn_4': 20.0, 'loss_ce_5': 4.0, 'loss_conf_5': 4.0, 'loss_mask_5': 5.0, 'loss_dice_5': 5.0, 'loss_bbox_5': 5.0, 'loss_giou_5': 2.0, 'track_loss_5': 2.0, 'dist_loss_5': 4.0, 'contrastive_learning_loss_5': 20.0, 'loss_ce_interm_5': 4.0, 'loss_conf_interm_5': 4.0, 'loss_mask_interm_5': 5.0, 'loss_dice_interm_5': 5.0, 'loss_bbox_interm_5': 5.0, 'loss_giou_interm_5': 2.0, 'track_loss_interm_5': 2.0, 'dist_loss_interm_5': 4.0, 'contrastive_learning_loss_interm_5': 20.0, 'loss_ce_dn_5': 4.0, 'loss_conf_dn_5': 4.0, 'loss_bbox_dn_5': 5.0, 'loss_giou_dn_5': 2.0, 'track_loss_dn_5': 2.0, 'dist_loss_dn_5': 4.0, 'contrastive_learning_loss_dn_5': 20.0, 'loss_ce_interm_dn_5': 4.0, 'loss_conf_interm_dn_5': 4.0, 'loss_mask_interm_dn_5': 5.0, 'loss_dice_interm_dn_5': 5.0, 'loss_bbox_interm_dn_5': 5.0, 'loss_giou_interm_dn_5': 2.0, 'track_loss_interm_dn_5': 2.0, 'dist_loss_interm_dn_5': 4.0, 'contrastive_learning_loss_interm_dn_5': 20.0, 'loss_ce_6': 4.0, 'loss_conf_6': 4.0, 'loss_mask_6': 5.0, 'loss_dice_6': 5.0, 'loss_bbox_6': 5.0, 'loss_giou_6': 2.0, 'track_loss_6': 2.0, 'dist_loss_6': 4.0, 'contrastive_learning_loss_6': 20.0, 'loss_ce_interm_6': 4.0, 'loss_conf_interm_6': 4.0, 'loss_mask_interm_6': 5.0, 'loss_dice_interm_6': 5.0, 'loss_bbox_interm_6': 5.0, 'loss_giou_interm_6': 2.0, 'track_loss_interm_6': 2.0, 'dist_loss_interm_6': 4.0, 'contrastive_learning_loss_interm_6': 20.0, 'loss_ce_dn_6': 4.0, 'loss_conf_dn_6': 4.0, 'loss_bbox_dn_6': 5.0, 'loss_giou_dn_6': 2.0, 'track_loss_dn_6': 2.0, 'dist_loss_dn_6': 4.0, 'contrastive_learning_loss_dn_6': 20.0, 'loss_ce_interm_dn_6': 4.0, 'loss_conf_interm_dn_6': 4.0, 'loss_mask_interm_dn_6': 5.0, 'loss_dice_interm_dn_6': 5.0, 'loss_bbox_interm_dn_6': 5.0, 'loss_giou_interm_dn_6': 2.0, 'track_loss_interm_dn_6': 2.0, 'dist_loss_interm_dn_6': 4.0, 'contrastive_learning_loss_interm_dn_6': 20.0, 'loss_ce_7': 4.0, 'loss_conf_7': 4.0, 'loss_mask_7': 5.0, 'loss_dice_7': 5.0, 'loss_bbox_7': 5.0, 'loss_giou_7': 2.0, 'track_loss_7': 2.0, 'dist_loss_7': 4.0, 'contrastive_learning_loss_7': 20.0, 'loss_ce_interm_7': 4.0, 'loss_conf_interm_7': 4.0, 'loss_mask_interm_7': 5.0, 'loss_dice_interm_7': 5.0, 'loss_bbox_interm_7': 5.0, 'loss_giou_interm_7': 2.0, 'track_loss_interm_7': 2.0, 'dist_loss_interm_7': 4.0, 'contrastive_learning_loss_interm_7': 20.0, 'loss_ce_dn_7': 4.0, 'loss_conf_dn_7': 4.0, 'loss_bbox_dn_7': 5.0, 'loss_giou_dn_7': 2.0, 'track_loss_dn_7': 2.0, 'dist_loss_dn_7': 4.0, 'contrastive_learning_loss_dn_7': 20.0, 'loss_ce_interm_dn_7': 4.0, 'loss_conf_interm_dn_7': 4.0, 'loss_mask_interm_dn_7': 5.0, 'loss_dice_interm_dn_7': 5.0, 'loss_bbox_interm_dn_7': 5.0, 'loss_giou_interm_dn_7': 2.0, 'track_loss_interm_dn_7': 2.0, 'dist_loss_interm_dn_7': 4.0, 'contrastive_learning_loss_interm_dn_7': 20.0, 'loss_ce_8': 4.0, 'loss_conf_8': 4.0, 'loss_mask_8': 5.0, 'loss_dice_8': 5.0, 'loss_bbox_8': 5.0, 'loss_giou_8': 2.0, 'track_loss_8': 2.0, 'dist_loss_8': 4.0, 'contrastive_learning_loss_8': 20.0, 'loss_ce_interm_8': 4.0, 'loss_conf_interm_8': 4.0, 'loss_mask_interm_8': 5.0, 'loss_dice_interm_8': 5.0, 'loss_bbox_interm_8': 5.0, 'loss_giou_interm_8': 2.0, 'track_loss_interm_8': 2.0, 'dist_loss_interm_8': 4.0, 'contrastive_learning_loss_interm_8': 20.0, 'loss_ce_dn_8': 4.0, 'loss_conf_dn_8': 4.0, 'loss_bbox_dn_8': 5.0, 'loss_giou_dn_8': 2.0, 'track_loss_dn_8': 2.0, 'dist_loss_dn_8': 4.0, 'contrastive_learning_loss_dn_8': 20.0, 'loss_ce_interm_dn_8': 4.0, 'loss_conf_interm_dn_8': 4.0, 'loss_mask_interm_dn_8': 5.0, 'loss_dice_interm_dn_8': 5.0, 'loss_bbox_interm_dn_8': 5.0, 'loss_giou_interm_dn_8': 2.0, 'track_loss_interm_dn_8': 2.0, 'dist_loss_interm_dn_8': 4.0, 'contrastive_learning_loss_interm_dn_8': 20.0}
      num_classes: {'coco': 80, 'coconomask': 80, 'coco_clip': 80, 'obj365': 100, 'obj365_clip': 100, 'lvis': 100, 'lvis_clip': 100, 'openimage': 100, 'openimage_clip': 100, 'grit': 100, 'vg': 200, 'grounding': 1, 'ytbvos': 1, 'rvos': 1, 'sa1b': 1, 'sa1b_clip': 1, 'ytvis19': 40, 'image_yt19': 40, 'ytvis21': 40, 'image_yt21': 40, 'ovis': 25, 'image_o': 25, 'uvo_video': 81, 'burst': 1, 'bdd_det': 10, 'bdd_inst': 8, 'bdd_track_seg': 8, 'bdd_track_box': 8}
      eos_coef: 0.1
      num_points: 12544
      oversample_ratio: 3.0
      importance_sample_ratio: 0.75
)
[11/28 16:34:55 d2.projects.glee.data.uni_video_image_mapper]: [DatasetMapper] Augmentations used in training: AugmentationList[RandomCrop(crop_type='absolute_range', crop_size=[384, 600]), ResizeShortestEdge(short_edge_length=(480, 512, 544, 576, 608, 640, 672, 704, 736, 768, 800), max_size=1333, sample_style='choice'), RandomFlip()]
[11/28 16:34:55 d2.projects.glee.data.uni_video_image_mapper]: TransformGens used in training: [RandomFlip(), ResizeShortestEdge(short_edge_length=(480, 512, 544, 576, 608, 640, 672, 704, 736, 768, 800), max_size=1333, sample_style='choice')]
[11/28 16:34:55 d2.projects.glee.data.uni_video_image_mapper]: Full TransformGens used in training: [RandomFlip(), ResizeShortestEdge(short_edge_length=(480, 512, 544, 576, 608, 640, 672, 704, 736, 768, 800), max_size=1333, sample_style='choice')], crop: [ResizeShortestEdge(short_edge_length=[400, 500, 600], sample_style='choice'), RandomCrop(crop_type='absolute_range', crop_size=[384, 600])]
[11/28 16:35:19 d2.data.datasets.coco]: Loading /mnt/data6T/GLEE/datasets/coco/annotations/instances_with_captions_train2017.json takes 23.54 seconds.
[11/28 16:35:20 d2.data.datasets.coco]: Loaded 118287 images in COCO format from /mnt/data6T/GLEE/datasets/coco/annotations/instances_with_captions_train2017.json
[11/28 16:35:30 d2.data.build]: Removed 1021 images with no usable annotations. 117266 images left.
dataset sizes [117266, 0]
[11/28 16:35:31 d2.data.common]: Serializing 117266 elements to byte tensors and concatenating them all ...
[11/28 16:35:35 d2.data.common]: Serialized dataset takes 477.32 MiB
WARNING [11/28 16:35:38 d2.solver.build]: SOLVER.STEPS contains values larger than SOLVER.MAX_ITER. These values will be ignored.
[11/28 16:35:38 fvcore.common.checkpoint]: [Checkpointer] Loading from weights/converted_maskdino_r50_withoutclip.pth ...
dataset sizes [117266, 0]
dataset sizes [117266, 0]
dataset sizes [117266, 0]
WARNING [11/28 16:35:38 fvcore.common.checkpoint]: Skip loading parameter 'glee.pixel_decoder.input_proj.0.0.weight' to the model due to incompatible shapes: (256, 2048, 1, 1) in the checkpoint but (256, 512, 1, 1) in the model! You might want to double check if this is expected.
WARNING [11/28 16:35:38 fvcore.common.checkpoint]: Skip loading parameter 'glee.pixel_decoder.input_proj.2.0.weight' to the model due to incompatible shapes: (256, 512, 1, 1) in the checkpoint but (256, 2048, 1, 1) in the model! You might want to double check if this is expected.
WARNING [11/28 16:35:38 fvcore.common.checkpoint]: Skip loading parameter 'glee.pixel_decoder.transformer.level_embed' to the model due to incompatible shapes: (3, 256) in the checkpoint but (4, 256) in the model! You might want to double check if this is expected.
WARNING [11/28 16:35:38 fvcore.common.checkpoint]: Skip loading parameter 'glee.pixel_decoder.transformer.encoder.layers.0.self_attn.sampling_offsets.weight' to the model due to incompatible shapes: (192, 256) in the checkpoint but (256, 256) in the model! You might want to double check if this is expected.
WARNING [11/28 16:35:38 fvcore.common.checkpoint]: Skip loading parameter 'glee.pixel_decoder.transformer.encoder.layers.0.self_attn.sampling_offsets.bias' to the model due to incompatible shapes: (192,) in the checkpoint but (256,) in the model! You might want to double check if this is expected.
WARNING [11/28 16:35:38 fvcore.common.checkpoint]: Skip loading parameter 'glee.pixel_decoder.transformer.encoder.layers.0.self_attn.attention_weights.weight' to the model due to incompatible shapes: (96, 256) in the checkpoint but (128, 256) in the model! You might want to double check if this is expected.
WARNING [11/28 16:35:38 fvcore.common.checkpoint]: Skip loading parameter 'glee.pixel_decoder.transformer.encoder.layers.0.self_attn.attention_weights.bias' to the model due to incompatible shapes: (96,) in the checkpoint but (128,) in the model! You might want to double check if this is expected.
WARNING [11/28 16:35:38 fvcore.common.checkpoint]: Skip loading parameter 'glee.pixel_decoder.transformer.encoder.layers.0.linear1.weight' to the model due to incompatible shapes: (1024, 256) in the checkpoint but (2048, 256) in the model! You might want to double check if this is expected.
WARNING [11/28 16:35:38 fvcore.common.checkpoint]: Skip loading parameter 'glee.pixel_decoder.transformer.encoder.layers.0.linear1.bias' to the model due to incompatible shapes: (1024,) in the checkpoint but (2048,) in the model! You might want to double check if this is expected.
WARNING [11/28 16:35:38 fvcore.common.checkpoint]: Skip loading parameter 'glee.pixel_decoder.transformer.encoder.layers.0.linear2.weight' to the model due to incompatible shapes: (256, 1024) in the checkpoint but (256, 2048) in the model! You might want to double check if this is expected.
WARNING [11/28 16:35:38 fvcore.common.checkpoint]: Skip loading parameter 'glee.pixel_decoder.transformer.encoder.layers.1.self_attn.sampling_offsets.weight' to the model due to incompatible shapes: (192, 256) in the checkpoint but (256, 256) in the model! You might want to double check if this is expected.
WARNING [11/28 16:35:38 fvcore.common.checkpoint]: Skip loading parameter 'glee.pixel_decoder.transformer.encoder.layers.1.self_attn.sampling_offsets.bias' to the model due to incompatible shapes: (192,) in the checkpoint but (256,) in the model! You might want to double check if this is expected.
WARNING [11/28 16:35:38 fvcore.common.checkpoint]: Skip loading parameter 'glee.pixel_decoder.transformer.encoder.layers.1.self_attn.attention_weights.weight' to the model due to incompatible shapes: (96, 256) in the checkpoint but (128, 256) in the model! You might want to double check if this is expected.
WARNING [11/28 16:35:38 fvcore.common.checkpoint]: Skip loading parameter 'glee.pixel_decoder.transformer.encoder.layers.1.self_attn.attention_weights.bias' to the model due to incompatible shapes: (96,) in the checkpoint but (128,) in the model! You might want to double check if this is expected.
WARNING [11/28 16:35:38 fvcore.common.checkpoint]: Skip loading parameter 'glee.pixel_decoder.transformer.encoder.layers.1.linear1.weight' to the model due to incompatible shapes: (1024, 256) in the checkpoint but (2048, 256) in the model! You might want to double check if this is expected.
WARNING [11/28 16:35:38 fvcore.common.checkpoint]: Skip loading parameter 'glee.pixel_decoder.transformer.encoder.layers.1.linear1.bias' to the model due to incompatible shapes: (1024,) in the checkpoint but (2048,) in the model! You might want to double check if this is expected.
WARNING [11/28 16:35:38 fvcore.common.checkpoint]: Skip loading parameter 'glee.pixel_decoder.transformer.encoder.layers.1.linear2.weight' to the model due to incompatible shapes: (256, 1024) in the checkpoint but (256, 2048) in the model! You might want to double check if this is expected.
WARNING [11/28 16:35:38 fvcore.common.checkpoint]: Skip loading parameter 'glee.pixel_decoder.transformer.encoder.layers.2.self_attn.sampling_offsets.weight' to the model due to incompatible shapes: (192, 256) in the checkpoint but (256, 256) in the model! You might want to double check if this is expected.
WARNING [11/28 16:35:38 fvcore.common.checkpoint]: Skip loading parameter 'glee.pixel_decoder.transformer.encoder.layers.2.self_attn.sampling_offsets.bias' to the model due to incompatible shapes: (192,) in the checkpoint but (256,) in the model! You might want to double check if this is expected.
WARNING [11/28 16:35:38 fvcore.common.checkpoint]: Skip loading parameter 'glee.pixel_decoder.transformer.encoder.layers.2.self_attn.attention_weights.weight' to the model due to incompatible shapes: (96, 256) in the checkpoint but (128, 256) in the model! You might want to double check if this is expected.
WARNING [11/28 16:35:38 fvcore.common.checkpoint]: Skip loading parameter 'glee.pixel_decoder.transformer.encoder.layers.2.self_attn.attention_weights.bias' to the model due to incompatible shapes: (96,) in the checkpoint but (128,) in the model! You might want to double check if this is expected.
WARNING [11/28 16:35:38 fvcore.common.checkpoint]: Skip loading parameter 'glee.pixel_decoder.transformer.encoder.layers.2.linear1.weight' to the model due to incompatible shapes: (1024, 256) in the checkpoint but (2048, 256) in the model! You might want to double check if this is expected.
WARNING [11/28 16:35:38 fvcore.common.checkpoint]: Skip loading parameter 'glee.pixel_decoder.transformer.encoder.layers.2.linear1.bias' to the model due to incompatible shapes: (1024,) in the checkpoint but (2048,) in the model! You might want to double check if this is expected.
WARNING [11/28 16:35:38 fvcore.common.checkpoint]: Skip loading parameter 'glee.pixel_decoder.transformer.encoder.layers.2.linear2.weight' to the model due to incompatible shapes: (256, 1024) in the checkpoint but (256, 2048) in the model! You might want to double check if this is expected.
WARNING [11/28 16:35:38 fvcore.common.checkpoint]: Skip loading parameter 'glee.pixel_decoder.transformer.encoder.layers.3.self_attn.sampling_offsets.weight' to the model due to incompatible shapes: (192, 256) in the checkpoint but (256, 256) in the model! You might want to double check if this is expected.
WARNING [11/28 16:35:38 fvcore.common.checkpoint]: Skip loading parameter 'glee.pixel_decoder.transformer.encoder.layers.3.self_attn.sampling_offsets.bias' to the model due to incompatible shapes: (192,) in the checkpoint but (256,) in the model! You might want to double check if this is expected.
WARNING [11/28 16:35:38 fvcore.common.checkpoint]: Skip loading parameter 'glee.pixel_decoder.transformer.encoder.layers.3.self_attn.attention_weights.weight' to the model due to incompatible shapes: (96, 256) in the checkpoint but (128, 256) in the model! You might want to double check if this is expected.
WARNING [11/28 16:35:38 fvcore.common.checkpoint]: Skip loading parameter 'glee.pixel_decoder.transformer.encoder.layers.3.self_attn.attention_weights.bias' to the model due to incompatible shapes: (96,) in the checkpoint but (128,) in the model! You might want to double check if this is expected.
WARNING [11/28 16:35:38 fvcore.common.checkpoint]: Skip loading parameter 'glee.pixel_decoder.transformer.encoder.layers.3.linear1.weight' to the model due to incompatible shapes: (1024, 256) in the checkpoint but (2048, 256) in the model! You might want to double check if this is expected.
WARNING [11/28 16:35:38 fvcore.common.checkpoint]: Skip loading parameter 'glee.pixel_decoder.transformer.encoder.layers.3.linear1.bias' to the model due to incompatible shapes: (1024,) in the checkpoint but (2048,) in the model! You might want to double check if this is expected.
WARNING [11/28 16:35:38 fvcore.common.checkpoint]: Skip loading parameter 'glee.pixel_decoder.transformer.encoder.layers.3.linear2.weight' to the model due to incompatible shapes: (256, 1024) in the checkpoint but (256, 2048) in the model! You might want to double check if this is expected.
WARNING [11/28 16:35:38 fvcore.common.checkpoint]: Skip loading parameter 'glee.pixel_decoder.transformer.encoder.layers.4.self_attn.sampling_offsets.weight' to the model due to incompatible shapes: (192, 256) in the checkpoint but (256, 256) in the model! You might want to double check if this is expected.
WARNING [11/28 16:35:38 fvcore.common.checkpoint]: Skip loading parameter 'glee.pixel_decoder.transformer.encoder.layers.4.self_attn.sampling_offsets.bias' to the model due to incompatible shapes: (192,) in the checkpoint but (256,) in the model! You might want to double check if this is expected.
WARNING [11/28 16:35:38 fvcore.common.checkpoint]: Skip loading parameter 'glee.pixel_decoder.transformer.encoder.layers.4.self_attn.attention_weights.weight' to the model due to incompatible shapes: (96, 256) in the checkpoint but (128, 256) in the model! You might want to double check if this is expected.
WARNING [11/28 16:35:38 fvcore.common.checkpoint]: Skip loading parameter 'glee.pixel_decoder.transformer.encoder.layers.4.self_attn.attention_weights.bias' to the model due to incompatible shapes: (96,) in the checkpoint but (128,) in the model! You might want to double check if this is expected.
WARNING [11/28 16:35:38 fvcore.common.checkpoint]: Skip loading parameter 'glee.pixel_decoder.transformer.encoder.layers.4.linear1.weight' to the model due to incompatible shapes: (1024, 256) in the checkpoint but (2048, 256) in the model! You might want to double check if this is expected.
WARNING [11/28 16:35:38 fvcore.common.checkpoint]: Skip loading parameter 'glee.pixel_decoder.transformer.encoder.layers.4.linear1.bias' to the model due to incompatible shapes: (1024,) in the checkpoint but (2048,) in the model! You might want to double check if this is expected.
WARNING [11/28 16:35:38 fvcore.common.checkpoint]: Skip loading parameter 'glee.pixel_decoder.transformer.encoder.layers.4.linear2.weight' to the model due to incompatible shapes: (256, 1024) in the checkpoint but (256, 2048) in the model! You might want to double check if this is expected.
WARNING [11/28 16:35:38 fvcore.common.checkpoint]: Skip loading parameter 'glee.pixel_decoder.transformer.encoder.layers.5.self_attn.sampling_offsets.weight' to the model due to incompatible shapes: (192, 256) in the checkpoint but (256, 256) in the model! You might want to double check if this is expected.
WARNING [11/28 16:35:38 fvcore.common.checkpoint]: Skip loading parameter 'glee.pixel_decoder.transformer.encoder.layers.5.self_attn.sampling_offsets.bias' to the model due to incompatible shapes: (192,) in the checkpoint but (256,) in the model! You might want to double check if this is expected.
WARNING [11/28 16:35:38 fvcore.common.checkpoint]: Skip loading parameter 'glee.pixel_decoder.transformer.encoder.layers.5.self_attn.attention_weights.weight' to the model due to incompatible shapes: (96, 256) in the checkpoint but (128, 256) in the model! You might want to double check if this is expected.
WARNING [11/28 16:35:38 fvcore.common.checkpoint]: Skip loading parameter 'glee.pixel_decoder.transformer.encoder.layers.5.self_attn.attention_weights.bias' to the model due to incompatible shapes: (96,) in the checkpoint but (128,) in the model! You might want to double check if this is expected.
WARNING [11/28 16:35:38 fvcore.common.checkpoint]: Skip loading parameter 'glee.pixel_decoder.transformer.encoder.layers.5.linear1.weight' to the model due to incompatible shapes: (1024, 256) in the checkpoint but (2048, 256) in the model! You might want to double check if this is expected.
WARNING [11/28 16:35:38 fvcore.common.checkpoint]: Skip loading parameter 'glee.pixel_decoder.transformer.encoder.layers.5.linear1.bias' to the model due to incompatible shapes: (1024,) in the checkpoint but (2048,) in the model! You might want to double check if this is expected.
WARNING [11/28 16:35:38 fvcore.common.checkpoint]: Skip loading parameter 'glee.pixel_decoder.transformer.encoder.layers.5.linear2.weight' to the model due to incompatible shapes: (256, 1024) in the checkpoint but (256, 2048) in the model! You might want to double check if this is expected.
WARNING [11/28 16:35:38 fvcore.common.checkpoint]: Skip loading parameter 'glee.predictor.decoder.layers.0.cross_attn.sampling_offsets.weight' to the model due to incompatible shapes: (192, 256) in the checkpoint but (256, 256) in the model! You might want to double check if this is expected.
WARNING [11/28 16:35:38 fvcore.common.checkpoint]: Skip loading parameter 'glee.predictor.decoder.layers.0.cross_attn.sampling_offsets.bias' to the model due to incompatible shapes: (192,) in the checkpoint but (256,) in the model! You might want to double check if this is expected.
WARNING [11/28 16:35:38 fvcore.common.checkpoint]: Skip loading parameter 'glee.predictor.decoder.layers.0.cross_attn.attention_weights.weight' to the model due to incompatible shapes: (96, 256) in the checkpoint but (128, 256) in the model! You might want to double check if this is expected.
WARNING [11/28 16:35:38 fvcore.common.checkpoint]: Skip loading parameter 'glee.predictor.decoder.layers.0.cross_attn.attention_weights.bias' to the model due to incompatible shapes: (96,) in the checkpoint but (128,) in the model! You might want to double check if this is expected.
WARNING [11/28 16:35:38 fvcore.common.checkpoint]: Skip loading parameter 'glee.predictor.decoder.layers.1.cross_attn.sampling_offsets.weight' to the model due to incompatible shapes: (192, 256) in the checkpoint but (256, 256) in the model! You might want to double check if this is expected.
WARNING [11/28 16:35:38 fvcore.common.checkpoint]: Skip loading parameter 'glee.predictor.decoder.layers.1.cross_attn.sampling_offsets.bias' to the model due to incompatible shapes: (192,) in the checkpoint but (256,) in the model! You might want to double check if this is expected.
WARNING [11/28 16:35:38 fvcore.common.checkpoint]: Skip loading parameter 'glee.predictor.decoder.layers.1.cross_attn.attention_weights.weight' to the model due to incompatible shapes: (96, 256) in the checkpoint but (128, 256) in the model! You might want to double check if this is expected.
WARNING [11/28 16:35:38 fvcore.common.checkpoint]: Skip loading parameter 'glee.predictor.decoder.layers.1.cross_attn.attention_weights.bias' to the model due to incompatible shapes: (96,) in the checkpoint but (128,) in the model! You might want to double check if this is expected.
WARNING [11/28 16:35:38 fvcore.common.checkpoint]: Skip loading parameter 'glee.predictor.decoder.layers.2.cross_attn.sampling_offsets.weight' to the model due to incompatible shapes: (192, 256) in the checkpoint but (256, 256) in the model! You might want to double check if this is expected.
WARNING [11/28 16:35:38 fvcore.common.checkpoint]: Skip loading parameter 'glee.predictor.decoder.layers.2.cross_attn.sampling_offsets.bias' to the model due to incompatible shapes: (192,) in the checkpoint but (256,) in the model! You might want to double check if this is expected.
WARNING [11/28 16:35:38 fvcore.common.checkpoint]: Skip loading parameter 'glee.predictor.decoder.layers.2.cross_attn.attention_weights.weight' to the model due to incompatible shapes: (96, 256) in the checkpoint but (128, 256) in the model! You might want to double check if this is expected.
WARNING [11/28 16:35:38 fvcore.common.checkpoint]: Skip loading parameter 'glee.predictor.decoder.layers.2.cross_attn.attention_weights.bias' to the model due to incompatible shapes: (96,) in the checkpoint but (128,) in the model! You might want to double check if this is expected.
WARNING [11/28 16:35:38 fvcore.common.checkpoint]: Skip loading parameter 'glee.predictor.decoder.layers.3.cross_attn.sampling_offsets.weight' to the model due to incompatible shapes: (192, 256) in the checkpoint but (256, 256) in the model! You might want to double check if this is expected.
WARNING [11/28 16:35:38 fvcore.common.checkpoint]: Skip loading parameter 'glee.predictor.decoder.layers.3.cross_attn.sampling_offsets.bias' to the model due to incompatible shapes: (192,) in the checkpoint but (256,) in the model! You might want to double check if this is expected.
WARNING [11/28 16:35:38 fvcore.common.checkpoint]: Skip loading parameter 'glee.predictor.decoder.layers.3.cross_attn.attention_weights.weight' to the model due to incompatible shapes: (96, 256) in the checkpoint but (128, 256) in the model! You might want to double check if this is expected.
WARNING [11/28 16:35:38 fvcore.common.checkpoint]: Skip loading parameter 'glee.predictor.decoder.layers.3.cross_attn.attention_weights.bias' to the model due to incompatible shapes: (96,) in the checkpoint but (128,) in the model! You might want to double check if this is expected.
WARNING [11/28 16:35:38 fvcore.common.checkpoint]: Skip loading parameter 'glee.predictor.decoder.layers.4.cross_attn.sampling_offsets.weight' to the model due to incompatible shapes: (192, 256) in the checkpoint but (256, 256) in the model! You might want to double check if this is expected.
WARNING [11/28 16:35:38 fvcore.common.checkpoint]: Skip loading parameter 'glee.predictor.decoder.layers.4.cross_attn.sampling_offsets.bias' to the model due to incompatible shapes: (192,) in the checkpoint but (256,) in the model! You might want to double check if this is expected.
WARNING [11/28 16:35:38 fvcore.common.checkpoint]: Skip loading parameter 'glee.predictor.decoder.layers.4.cross_attn.attention_weights.weight' to the model due to incompatible shapes: (96, 256) in the checkpoint but (128, 256) in the model! You might want to double check if this is expected.
WARNING [11/28 16:35:38 fvcore.common.checkpoint]: Skip loading parameter 'glee.predictor.decoder.layers.4.cross_attn.attention_weights.bias' to the model due to incompatible shapes: (96,) in the checkpoint but (128,) in the model! You might want to double check if this is expected.
WARNING [11/28 16:35:38 fvcore.common.checkpoint]: Skip loading parameter 'glee.predictor.decoder.layers.5.cross_attn.sampling_offsets.weight' to the model due to incompatible shapes: (192, 256) in the checkpoint but (256, 256) in the model! You might want to double check if this is expected.
WARNING [11/28 16:35:38 fvcore.common.checkpoint]: Skip loading parameter 'glee.predictor.decoder.layers.5.cross_attn.sampling_offsets.bias' to the model due to incompatible shapes: (192,) in the checkpoint but (256,) in the model! You might want to double check if this is expected.
WARNING [11/28 16:35:38 fvcore.common.checkpoint]: Skip loading parameter 'glee.predictor.decoder.layers.5.cross_attn.attention_weights.weight' to the model due to incompatible shapes: (96, 256) in the checkpoint but (128, 256) in the model! You might want to double check if this is expected.
WARNING [11/28 16:35:38 fvcore.common.checkpoint]: Skip loading parameter 'glee.predictor.decoder.layers.5.cross_attn.attention_weights.bias' to the model due to incompatible shapes: (96,) in the checkpoint but (128,) in the model! You might want to double check if this is expected.
WARNING [11/28 16:35:38 fvcore.common.checkpoint]: Skip loading parameter 'glee.predictor.decoder.layers.6.cross_attn.sampling_offsets.weight' to the model due to incompatible shapes: (192, 256) in the checkpoint but (256, 256) in the model! You might want to double check if this is expected.
WARNING [11/28 16:35:38 fvcore.common.checkpoint]: Skip loading parameter 'glee.predictor.decoder.layers.6.cross_attn.sampling_offsets.bias' to the model due to incompatible shapes: (192,) in the checkpoint but (256,) in the model! You might want to double check if this is expected.
WARNING [11/28 16:35:38 fvcore.common.checkpoint]: Skip loading parameter 'glee.predictor.decoder.layers.6.cross_attn.attention_weights.weight' to the model due to incompatible shapes: (96, 256) in the checkpoint but (128, 256) in the model! You might want to double check if this is expected.
WARNING [11/28 16:35:38 fvcore.common.checkpoint]: Skip loading parameter 'glee.predictor.decoder.layers.6.cross_attn.attention_weights.bias' to the model due to incompatible shapes: (96,) in the checkpoint but (128,) in the model! You might want to double check if this is expected.
WARNING [11/28 16:35:38 fvcore.common.checkpoint]: Skip loading parameter 'glee.predictor.decoder.layers.7.cross_attn.sampling_offsets.weight' to the model due to incompatible shapes: (192, 256) in the checkpoint but (256, 256) in the model! You might want to double check if this is expected.
WARNING [11/28 16:35:38 fvcore.common.checkpoint]: Skip loading parameter 'glee.predictor.decoder.layers.7.cross_attn.sampling_offsets.bias' to the model due to incompatible shapes: (192,) in the checkpoint but (256,) in the model! You might want to double check if this is expected.
WARNING [11/28 16:35:38 fvcore.common.checkpoint]: Skip loading parameter 'glee.predictor.decoder.layers.7.cross_attn.attention_weights.weight' to the model due to incompatible shapes: (96, 256) in the checkpoint but (128, 256) in the model! You might want to double check if this is expected.
WARNING [11/28 16:35:38 fvcore.common.checkpoint]: Skip loading parameter 'glee.predictor.decoder.layers.7.cross_attn.attention_weights.bias' to the model due to incompatible shapes: (96,) in the checkpoint but (128,) in the model! You might want to double check if this is expected.
WARNING [11/28 16:35:38 fvcore.common.checkpoint]: Skip loading parameter 'glee.predictor.decoder.layers.8.cross_attn.sampling_offsets.weight' to the model due to incompatible shapes: (192, 256) in the checkpoint but (256, 256) in the model! You might want to double check if this is expected.
WARNING [11/28 16:35:38 fvcore.common.checkpoint]: Skip loading parameter 'glee.predictor.decoder.layers.8.cross_attn.sampling_offsets.bias' to the model due to incompatible shapes: (192,) in the checkpoint but (256,) in the model! You might want to double check if this is expected.
WARNING [11/28 16:35:38 fvcore.common.checkpoint]: Skip loading parameter 'glee.predictor.decoder.layers.8.cross_attn.attention_weights.weight' to the model due to incompatible shapes: (96, 256) in the checkpoint but (128, 256) in the model! You might want to double check if this is expected.
WARNING [11/28 16:35:38 fvcore.common.checkpoint]: Skip loading parameter 'glee.predictor.decoder.layers.8.cross_attn.attention_weights.bias' to the model due to incompatible shapes: (96,) in the checkpoint but (128,) in the model! You might want to double check if this is expected.
WARNING [11/28 16:35:38 fvcore.common.checkpoint]: Some model parameters or buffers are not found in the checkpoint:
criterion.empty_weight
glee.backbone.attnpool.c_proj.{bias, weight}
glee.backbone.attnpool.k_proj.{bias, weight}
glee.backbone.attnpool.positional_embedding
glee.backbone.attnpool.q_proj.{bias, weight}
glee.backbone.attnpool.v_proj.{bias, weight}
glee.backbone.stem.conv1_alpha.weight
glee.mask_sptial_embed.{0, 1, 2, 3}
glee.pixel_decoder.input_proj.0.0.weight
glee.pixel_decoder.input_proj.2.0.weight
glee.pixel_decoder.input_proj.3.0.{bias, weight}
glee.pixel_decoder.input_proj.3.1.{bias, weight}
glee.pixel_decoder.transformer.encoder.layers.0.linear1.{bias, weight}
glee.pixel_decoder.transformer.encoder.layers.0.linear2.weight
glee.pixel_decoder.transformer.encoder.layers.0.self_attn.attention_weights.{bias, weight}
glee.pixel_decoder.transformer.encoder.layers.0.self_attn.sampling_offsets.{bias, weight}
glee.pixel_decoder.transformer.encoder.layers.1.linear1.{bias, weight}
glee.pixel_decoder.transformer.encoder.layers.1.linear2.weight
glee.pixel_decoder.transformer.encoder.layers.1.self_attn.attention_weights.{bias, weight}
glee.pixel_decoder.transformer.encoder.layers.1.self_attn.sampling_offsets.{bias, weight}
glee.pixel_decoder.transformer.encoder.layers.2.linear1.{bias, weight}
glee.pixel_decoder.transformer.encoder.layers.2.linear2.weight
glee.pixel_decoder.transformer.encoder.layers.2.self_attn.attention_weights.{bias, weight}
glee.pixel_decoder.transformer.encoder.layers.2.self_attn.sampling_offsets.{bias, weight}
glee.pixel_decoder.transformer.encoder.layers.3.linear1.{bias, weight}
glee.pixel_decoder.transformer.encoder.layers.3.linear2.weight
glee.pixel_decoder.transformer.encoder.layers.3.self_attn.attention_weights.{bias, weight}
glee.pixel_decoder.transformer.encoder.layers.3.self_attn.sampling_offsets.{bias, weight}
glee.pixel_decoder.transformer.encoder.layers.4.linear1.{bias, weight}
glee.pixel_decoder.transformer.encoder.layers.4.linear2.weight
glee.pixel_decoder.transformer.encoder.layers.4.self_attn.attention_weights.{bias, weight}
glee.pixel_decoder.transformer.encoder.layers.4.self_attn.sampling_offsets.{bias, weight}
glee.pixel_decoder.transformer.encoder.layers.5.linear1.{bias, weight}
glee.pixel_decoder.transformer.encoder.layers.5.linear2.weight
glee.pixel_decoder.transformer.encoder.layers.5.self_attn.attention_weights.{bias, weight}
glee.pixel_decoder.transformer.encoder.layers.5.self_attn.sampling_offsets.{bias, weight}
glee.pixel_decoder.transformer.encoder.vl_layers.0.b_attn.attn.l_proj.{bias, weight}
glee.pixel_decoder.transformer.encoder.vl_layers.0.b_attn.attn.out_l_proj.{bias, weight}
glee.pixel_decoder.transformer.encoder.vl_layers.0.b_attn.attn.out_v_proj.{bias, weight}
glee.pixel_decoder.transformer.encoder.vl_layers.0.b_attn.attn.v_proj.{bias, weight}
glee.pixel_decoder.transformer.encoder.vl_layers.0.b_attn.attn.values_l_proj.{bias, weight}
glee.pixel_decoder.transformer.encoder.vl_layers.0.b_attn.attn.values_v_proj.{bias, weight}
glee.pixel_decoder.transformer.encoder.vl_layers.0.b_attn.layer_norm_l.{bias, weight}
glee.pixel_decoder.transformer.encoder.vl_layers.0.b_attn.layer_norm_v.{bias, weight}
glee.pixel_decoder.transformer.encoder.vl_layers.0.b_attn.{gamma_l, gamma_v}
glee.pixel_decoder.transformer.level_embed
glee.pn_indicator.weight
glee.predictor.decoder.layers.0.cross_attn.attention_weights.{bias, weight}
glee.predictor.decoder.layers.0.cross_attn.sampling_offsets.{bias, weight}
glee.predictor.decoder.layers.1.cross_attn.attention_weights.{bias, weight}
glee.predictor.decoder.layers.1.cross_attn.sampling_offsets.{bias, weight}
glee.predictor.decoder.layers.2.cross_attn.attention_weights.{bias, weight}
glee.predictor.decoder.layers.2.cross_attn.sampling_offsets.{bias, weight}
glee.predictor.decoder.layers.3.cross_attn.attention_weights.{bias, weight}
glee.predictor.decoder.layers.3.cross_attn.sampling_offsets.{bias, weight}
glee.predictor.decoder.layers.4.cross_attn.attention_weights.{bias, weight}
glee.predictor.decoder.layers.4.cross_attn.sampling_offsets.{bias, weight}
glee.predictor.decoder.layers.5.cross_attn.attention_weights.{bias, weight}
glee.predictor.decoder.layers.5.cross_attn.sampling_offsets.{bias, weight}
glee.predictor.decoder.layers.6.cross_attn.attention_weights.{bias, weight}
glee.predictor.decoder.layers.6.cross_attn.sampling_offsets.{bias, weight}
glee.predictor.decoder.layers.7.cross_attn.attention_weights.{bias, weight}
glee.predictor.decoder.layers.7.cross_attn.sampling_offsets.{bias, weight}
glee.predictor.decoder.layers.8.cross_attn.attention_weights.{bias, weight}
glee.predictor.decoder.layers.8.cross_attn.sampling_offsets.{bias, weight}
glee.predictor.vg_label_enc.weight
glee.text_encoder.text_model.embeddings.position_embedding.weight
glee.text_encoder.text_model.embeddings.token_embedding.weight
glee.text_encoder.text_model.encoder.layers.0.layer_norm1.{bias, weight}
glee.text_encoder.text_model.encoder.layers.0.layer_norm2.{bias, weight}
glee.text_encoder.text_model.encoder.layers.0.mlp.fc1.{bias, weight}
glee.text_encoder.text_model.encoder.layers.0.mlp.fc2.{bias, weight}
glee.text_encoder.text_model.encoder.layers.0.self_attn.k_proj.{bias, weight}
glee.text_encoder.text_model.encoder.layers.0.self_attn.out_proj.{bias, weight}
glee.text_encoder.text_model.encoder.layers.0.self_attn.q_proj.{bias, weight}
glee.text_encoder.text_model.encoder.layers.0.self_attn.v_proj.{bias, weight}
glee.text_encoder.text_model.encoder.layers.1.layer_norm1.{bias, weight}
glee.text_encoder.text_model.encoder.layers.1.layer_norm2.{bias, weight}
glee.text_encoder.text_model.encoder.layers.1.mlp.fc1.{bias, weight}
glee.text_encoder.text_model.encoder.layers.1.mlp.fc2.{bias, weight}
glee.text_encoder.text_model.encoder.layers.1.self_attn.k_proj.{bias, weight}
glee.text_encoder.text_model.encoder.layers.1.self_attn.out_proj.{bias, weight}
glee.text_encoder.text_model.encoder.layers.1.self_attn.q_proj.{bias, weight}
glee.text_encoder.text_model.encoder.layers.1.self_attn.v_proj.{bias, weight}
glee.text_encoder.text_model.encoder.layers.10.layer_norm1.{bias, weight}
glee.text_encoder.text_model.encoder.layers.10.layer_norm2.{bias, weight}
glee.text_encoder.text_model.encoder.layers.10.mlp.fc1.{bias, weight}
glee.text_encoder.text_model.encoder.layers.10.mlp.fc2.{bias, weight}
glee.text_encoder.text_model.encoder.layers.10.self_attn.k_proj.{bias, weight}
glee.text_encoder.text_model.encoder.layers.10.self_attn.out_proj.{bias, weight}
glee.text_encoder.text_model.encoder.layers.10.self_attn.q_proj.{bias, weight}
glee.text_encoder.text_model.encoder.layers.10.self_attn.v_proj.{bias, weight}
glee.text_encoder.text_model.encoder.layers.11.layer_norm1.{bias, weight}
glee.text_encoder.text_model.encoder.layers.11.layer_norm2.{bias, weight}
glee.text_encoder.text_model.encoder.layers.11.mlp.fc1.{bias, weight}
glee.text_encoder.text_model.encoder.layers.11.mlp.fc2.{bias, weight}
glee.text_encoder.text_model.encoder.layers.11.self_attn.k_proj.{bias, weight}
glee.text_encoder.text_model.encoder.layers.11.self_attn.out_proj.{bias, weight}
glee.text_encoder.text_model.encoder.layers.11.self_attn.q_proj.{bias, weight}
glee.text_encoder.text_model.encoder.layers.11.self_attn.v_proj.{bias, weight}
glee.text_encoder.text_model.encoder.layers.2.layer_norm1.{bias, weight}
glee.text_encoder.text_model.encoder.layers.2.layer_norm2.{bias, weight}
glee.text_encoder.text_model.encoder.layers.2.mlp.fc1.{bias, weight}
glee.text_encoder.text_model.encoder.layers.2.mlp.fc2.{bias, weight}
glee.text_encoder.text_model.encoder.layers.2.self_attn.k_proj.{bias, weight}
glee.text_encoder.text_model.encoder.layers.2.self_attn.out_proj.{bias, weight}
glee.text_encoder.text_model.encoder.layers.2.self_attn.q_proj.{bias, weight}
glee.text_encoder.text_model.encoder.layers.2.self_attn.v_proj.{bias, weight}
glee.text_encoder.text_model.encoder.layers.3.layer_norm1.{bias, weight}
glee.text_encoder.text_model.encoder.layers.3.layer_norm2.{bias, weight}
glee.text_encoder.text_model.encoder.layers.3.mlp.fc1.{bias, weight}
glee.text_encoder.text_model.encoder.layers.3.mlp.fc2.{bias, weight}
glee.text_encoder.text_model.encoder.layers.3.self_attn.k_proj.{bias, weight}
glee.text_encoder.text_model.encoder.layers.3.self_attn.out_proj.{bias, weight}
glee.text_encoder.text_model.encoder.layers.3.self_attn.q_proj.{bias, weight}
glee.text_encoder.text_model.encoder.layers.3.self_attn.v_proj.{bias, weight}
glee.text_encoder.text_model.encoder.layers.4.layer_norm1.{bias, weight}
glee.text_encoder.text_model.encoder.layers.4.layer_norm2.{bias, weight}
glee.text_encoder.text_model.encoder.layers.4.mlp.fc1.{bias, weight}
glee.text_encoder.text_model.encoder.layers.4.mlp.fc2.{bias, weight}
glee.text_encoder.text_model.encoder.layers.4.self_attn.k_proj.{bias, weight}
glee.text_encoder.text_model.encoder.layers.4.self_attn.out_proj.{bias, weight}
glee.text_encoder.text_model.encoder.layers.4.self_attn.q_proj.{bias, weight}
glee.text_encoder.text_model.encoder.layers.4.self_attn.v_proj.{bias, weight}
glee.text_encoder.text_model.encoder.layers.5.layer_norm1.{bias, weight}
glee.text_encoder.text_model.encoder.layers.5.layer_norm2.{bias, weight}
glee.text_encoder.text_model.encoder.layers.5.mlp.fc1.{bias, weight}
glee.text_encoder.text_model.encoder.layers.5.mlp.fc2.{bias, weight}
glee.text_encoder.text_model.encoder.layers.5.self_attn.k_proj.{bias, weight}
glee.text_encoder.text_model.encoder.layers.5.self_attn.out_proj.{bias, weight}
glee.text_encoder.text_model.encoder.layers.5.self_attn.q_proj.{bias, weight}
glee.text_encoder.text_model.encoder.layers.5.self_attn.v_proj.{bias, weight}
glee.text_encoder.text_model.encoder.layers.6.layer_norm1.{bias, weight}
glee.text_encoder.text_model.encoder.layers.6.layer_norm2.{bias, weight}
glee.text_encoder.text_model.encoder.layers.6.mlp.fc1.{bias, weight}
glee.text_encoder.text_model.encoder.layers.6.mlp.fc2.{bias, weight}
glee.text_encoder.text_model.encoder.layers.6.self_attn.k_proj.{bias, weight}
glee.text_encoder.text_model.encoder.layers.6.self_attn.out_proj.{bias, weight}
glee.text_encoder.text_model.encoder.layers.6.self_attn.q_proj.{bias, weight}
glee.text_encoder.text_model.encoder.layers.6.self_attn.v_proj.{bias, weight}
glee.text_encoder.text_model.encoder.layers.7.layer_norm1.{bias, weight}
glee.text_encoder.text_model.encoder.layers.7.layer_norm2.{bias, weight}
glee.text_encoder.text_model.encoder.layers.7.mlp.fc1.{bias, weight}
glee.text_encoder.text_model.encoder.layers.7.mlp.fc2.{bias, weight}
glee.text_encoder.text_model.encoder.layers.7.self_attn.k_proj.{bias, weight}
glee.text_encoder.text_model.encoder.layers.7.self_attn.out_proj.{bias, weight}
glee.text_encoder.text_model.encoder.layers.7.self_attn.q_proj.{bias, weight}
glee.text_encoder.text_model.encoder.layers.7.self_attn.v_proj.{bias, weight}
glee.text_encoder.text_model.encoder.layers.8.layer_norm1.{bias, weight}
glee.text_encoder.text_model.encoder.layers.8.layer_norm2.{bias, weight}
glee.text_encoder.text_model.encoder.layers.8.mlp.fc1.{bias, weight}
glee.text_encoder.text_model.encoder.layers.8.mlp.fc2.{bias, weight}
glee.text_encoder.text_model.encoder.layers.8.self_attn.k_proj.{bias, weight}
glee.text_encoder.text_model.encoder.layers.8.self_attn.out_proj.{bias, weight}
glee.text_encoder.text_model.encoder.layers.8.self_attn.q_proj.{bias, weight}
glee.text_encoder.text_model.encoder.layers.8.self_attn.v_proj.{bias, weight}
glee.text_encoder.text_model.encoder.layers.9.layer_norm1.{bias, weight}
glee.text_encoder.text_model.encoder.layers.9.layer_norm2.{bias, weight}
glee.text_encoder.text_model.encoder.layers.9.mlp.fc1.{bias, weight}
glee.text_encoder.text_model.encoder.layers.9.mlp.fc2.{bias, weight}
glee.text_encoder.text_model.encoder.layers.9.self_attn.k_proj.{bias, weight}
glee.text_encoder.text_model.encoder.layers.9.self_attn.out_proj.{bias, weight}
glee.text_encoder.text_model.encoder.layers.9.self_attn.q_proj.{bias, weight}
glee.text_encoder.text_model.encoder.layers.9.self_attn.v_proj.{bias, weight}
glee.text_encoder.text_model.final_layer_norm.{bias, weight}
glee.{caption_projection, logit_scale}
WARNING [11/28 16:35:38 fvcore.common.checkpoint]: The checkpoint state_dict contains keys that are not used by the model:
  glee.predictor.track_embed.layers.0.{bias, weight}
  glee.predictor.track_embed.layers.1.{bias, weight}
  glee.predictor.track_embed.layers.2.{bias, weight}
[11/28 16:35:38 d2.engine.train_loop]: Starting training from iteration 0
[11/28 16:35:43] xformers WARNING: WARNING[XFORMERS]: xFormers can't load C++/CUDA extensions. xFormers was built for:
    PyTorch 2.5.1+cu121 with CUDA 1201 (you have 2.1.0+cu121)
    Python  3.9.20 (you have 3.9.2)
  Please reinstall xformers (see https://github.com/facebookresearch/xformers#installing-xformers)
  Memory-efficient attention, SwiGLU, sparse and more won't be available.
  Set XFORMERS_MORE_DETAILS=1 for more details
[11/28 16:35:43] xformers WARNING: WARNING[XFORMERS]: xFormers can't load C++/CUDA extensions. xFormers was built for:
    PyTorch 2.5.1+cu121 with CUDA 1201 (you have 2.1.0+cu121)
    Python  3.9.20 (you have 3.9.2)
  Please reinstall xformers (see https://github.com/facebookresearch/xformers#installing-xformers)
  Memory-efficient attention, SwiGLU, sparse and more won't be available.
  Set XFORMERS_MORE_DETAILS=1 for more details
[11/28 16:35:43] xformers WARNING: WARNING[XFORMERS]: xFormers can't load C++/CUDA extensions. xFormers was built for:
    PyTorch 2.5.1+cu121 with CUDA 1201 (you have 2.1.0+cu121)
    Python  3.9.20 (you have 3.9.2)
  Please reinstall xformers (see https://github.com/facebookresearch/xformers#installing-xformers)
  Memory-efficient attention, SwiGLU, sparse and more won't be available.
  Set XFORMERS_MORE_DETAILS=1 for more details
[11/28 16:35:43] xformers WARNING: WARNING[XFORMERS]: xFormers can't load C++/CUDA extensions. xFormers was built for:
    PyTorch 2.5.1+cu121 with CUDA 1201 (you have 2.1.0+cu121)
    Python  3.9.20 (you have 3.9.2)
  Please reinstall xformers (see https://github.com/facebookresearch/xformers#installing-xformers)
  Memory-efficient attention, SwiGLU, sparse and more won't be available.
  Set XFORMERS_MORE_DETAILS=1 for more details
[11/28 16:35:48] xformers WARNING: WARNING[XFORMERS]: xFormers can't load C++/CUDA extensions. xFormers was built for:
    PyTorch 2.5.1+cu121 with CUDA 1201 (you have 2.1.0+cu121)
    Python  3.9.20 (you have 3.9.2)
  Please reinstall xformers (see https://github.com/facebookresearch/xformers#installing-xformers)
  Memory-efficient attention, SwiGLU, sparse and more won't be available.
  Set XFORMERS_MORE_DETAILS=1 for more details
[11/28 16:35:48] xformers WARNING: WARNING[XFORMERS]: xFormers can't load C++/CUDA extensions. xFormers was built for:
    PyTorch 2.5.1+cu121 with CUDA 1201 (you have 2.1.0+cu121)
    Python  3.9.20 (you have 3.9.2)
  Please reinstall xformers (see https://github.com/facebookresearch/xformers#installing-xformers)
  Memory-efficient attention, SwiGLU, sparse and more won't be available.
  Set XFORMERS_MORE_DETAILS=1 for more details
[11/28 16:35:48] xformers WARNING: WARNING[XFORMERS]: xFormers can't load C++/CUDA extensions. xFormers was built for:
    PyTorch 2.5.1+cu121 with CUDA 1201 (you have 2.1.0+cu121)
    Python  3.9.20 (you have 3.9.2)
  Please reinstall xformers (see https://github.com/facebookresearch/xformers#installing-xformers)
  Memory-efficient attention, SwiGLU, sparse and more won't be available.
  Set XFORMERS_MORE_DETAILS=1 for more details
[11/28 16:35:48] xformers WARNING: WARNING[XFORMERS]: xFormers can't load C++/CUDA extensions. xFormers was built for:
    PyTorch 2.5.1+cu121 with CUDA 1201 (you have 2.1.0+cu121)
    Python  3.9.20 (you have 3.9.2)
  Please reinstall xformers (see https://github.com/facebookresearch/xformers#installing-xformers)
  Memory-efficient attention, SwiGLU, sparse and more won't be available.
  Set XFORMERS_MORE_DETAILS=1 for more details
[11/28 16:35:53] xformers WARNING: WARNING[XFORMERS]: xFormers can't load C++/CUDA extensions. xFormers was built for:
    PyTorch 2.5.1+cu121 with CUDA 1201 (you have 2.1.0+cu121)
    Python  3.9.20 (you have 3.9.2)
  Please reinstall xformers (see https://github.com/facebookresearch/xformers#installing-xformers)
  Memory-efficient attention, SwiGLU, sparse and more won't be available.
  Set XFORMERS_MORE_DETAILS=1 for more details
[11/28 16:35:54] xformers WARNING: WARNING[XFORMERS]: xFormers can't load C++/CUDA extensions. xFormers was built for:
    PyTorch 2.5.1+cu121 with CUDA 1201 (you have 2.1.0+cu121)
    Python  3.9.20 (you have 3.9.2)
  Please reinstall xformers (see https://github.com/facebookresearch/xformers#installing-xformers)
  Memory-efficient attention, SwiGLU, sparse and more won't be available.
  Set XFORMERS_MORE_DETAILS=1 for more details
[11/28 16:35:54] xformers WARNING: WARNING[XFORMERS]: xFormers can't load C++/CUDA extensions. xFormers was built for:
    PyTorch 2.5.1+cu121 with CUDA 1201 (you have 2.1.0+cu121)
    Python  3.9.20 (you have 3.9.2)
  Please reinstall xformers (see https://github.com/facebookresearch/xformers#installing-xformers)
  Memory-efficient attention, SwiGLU, sparse and more won't be available.
  Set XFORMERS_MORE_DETAILS=1 for more details
[11/28 16:35:54] xformers WARNING: WARNING[XFORMERS]: xFormers can't load C++/CUDA extensions. xFormers was built for:
    PyTorch 2.5.1+cu121 with CUDA 1201 (you have 2.1.0+cu121)
    Python  3.9.20 (you have 3.9.2)
  Please reinstall xformers (see https://github.com/facebookresearch/xformers#installing-xformers)
  Memory-efficient attention, SwiGLU, sparse and more won't be available.
  Set XFORMERS_MORE_DETAILS=1 for more details
[11/28 16:35:59] xformers WARNING: WARNING[XFORMERS]: xFormers can't load C++/CUDA extensions. xFormers was built for:
    PyTorch 2.5.1+cu121 with CUDA 1201 (you have 2.1.0+cu121)
    Python  3.9.20 (you have 3.9.2)
  Please reinstall xformers (see https://github.com/facebookresearch/xformers#installing-xformers)
  Memory-efficient attention, SwiGLU, sparse and more won't be available.
  Set XFORMERS_MORE_DETAILS=1 for more details
[11/28 16:35:59] xformers WARNING: WARNING[XFORMERS]: xFormers can't load C++/CUDA extensions. xFormers was built for:
    PyTorch 2.5.1+cu121 with CUDA 1201 (you have 2.1.0+cu121)
    Python  3.9.20 (you have 3.9.2)
  Please reinstall xformers (see https://github.com/facebookresearch/xformers#installing-xformers)
  Memory-efficient attention, SwiGLU, sparse and more won't be available.
  Set XFORMERS_MORE_DETAILS=1 for more details
[11/28 16:35:59] xformers WARNING: WARNING[XFORMERS]: xFormers can't load C++/CUDA extensions. xFormers was built for:
    PyTorch 2.5.1+cu121 with CUDA 1201 (you have 2.1.0+cu121)
    Python  3.9.20 (you have 3.9.2)
  Please reinstall xformers (see https://github.com/facebookresearch/xformers#installing-xformers)
  Memory-efficient attention, SwiGLU, sparse and more won't be available.
  Set XFORMERS_MORE_DETAILS=1 for more details
[11/28 16:36:00] xformers WARNING: WARNING[XFORMERS]: xFormers can't load C++/CUDA extensions. xFormers was built for:
    PyTorch 2.5.1+cu121 with CUDA 1201 (you have 2.1.0+cu121)
    Python  3.9.20 (you have 3.9.2)
  Please reinstall xformers (see https://github.com/facebookresearch/xformers#installing-xformers)
  Memory-efficient attention, SwiGLU, sparse and more won't be available.
  Set XFORMERS_MORE_DETAILS=1 for more details
/home/wenwen/anaconda3/envs/glee/lib/python3.9/site-packages/torch/functional.py:504: UserWarning: torch.meshgrid: in an upcoming release, it will be required to pass the indexing argument. (Triggered internally at ../aten/src/ATen/native/TensorShape.cpp:3526.)
  return _VF.meshgrid(tensors, **kwargs)  # type: ignore[attr-defined]
/home/wenwen/anaconda3/envs/glee/lib/python3.9/site-packages/torch/functional.py:504: UserWarning: torch.meshgrid: in an upcoming release, it will be required to pass the indexing argument. (Triggered internally at ../aten/src/ATen/native/TensorShape.cpp:3526.)
  return _VF.meshgrid(tensors, **kwargs)  # type: ignore[attr-defined]
/home/wenwen/anaconda3/envs/glee/lib/python3.9/site-packages/torch/functional.py:504: UserWarning: torch.meshgrid: in an upcoming release, it will be required to pass the indexing argument. (Triggered internally at ../aten/src/ATen/native/TensorShape.cpp:3526.)
  return _VF.meshgrid(tensors, **kwargs)  # type: ignore[attr-defined]
/home/wenwen/anaconda3/envs/glee/lib/python3.9/site-packages/torch/functional.py:504: UserWarning: torch.meshgrid: in an upcoming release, it will be required to pass the indexing argument. (Triggered internally at ../aten/src/ATen/native/TensorShape.cpp:3526.)
  return _VF.meshgrid(tensors, **kwargs)  # type: ignore[attr-defined]
/home/wenwen/anaconda3/envs/glee/lib/python3.9/site-packages/torch/optim/lr_scheduler.py:136: UserWarning: Detected call of `lr_scheduler.step()` before `optimizer.step()`. In PyTorch 1.1.0 and later, you should call them in the opposite order: `optimizer.step()` before `lr_scheduler.step()`.  Failure to do this will result in PyTorch skipping the first value of the learning rate schedule. See more details at https://pytorch.org/docs/stable/optim.html#how-to-adjust-learning-rate
  warnings.warn("Detected call of `lr_scheduler.step()` before `optimizer.step()`. "
/home/wenwen/anaconda3/envs/glee/lib/python3.9/site-packages/torch/optim/lr_scheduler.py:136: UserWarning: Detected call of `lr_scheduler.step()` before `optimizer.step()`. In PyTorch 1.1.0 and later, you should call them in the opposite order: `optimizer.step()` before `lr_scheduler.step()`.  Failure to do this will result in PyTorch skipping the first value of the learning rate schedule. See more details at https://pytorch.org/docs/stable/optim.html#how-to-adjust-learning-rate
  warnings.warn("Detected call of `lr_scheduler.step()` before `optimizer.step()`. "
/home/wenwen/anaconda3/envs/glee/lib/python3.9/site-packages/torch/optim/lr_scheduler.py:136: UserWarning: Detected call of `lr_scheduler.step()` before `optimizer.step()`. In PyTorch 1.1.0 and later, you should call them in the opposite order: `optimizer.step()` before `lr_scheduler.step()`.  Failure to do this will result in PyTorch skipping the first value of the learning rate schedule. See more details at https://pytorch.org/docs/stable/optim.html#how-to-adjust-learning-rate
  warnings.warn("Detected call of `lr_scheduler.step()` before `optimizer.step()`. "
/home/wenwen/anaconda3/envs/glee/lib/python3.9/site-packages/torch/optim/lr_scheduler.py:136: UserWarning: Detected call of `lr_scheduler.step()` before `optimizer.step()`. In PyTorch 1.1.0 and later, you should call them in the opposite order: `optimizer.step()` before `lr_scheduler.step()`.  Failure to do this will result in PyTorch skipping the first value of the learning rate schedule. See more details at https://pytorch.org/docs/stable/optim.html#how-to-adjust-learning-rate
  warnings.warn("Detected call of `lr_scheduler.step()` before `optimizer.step()`. "
[11/28 16:36:56 d2.utils.events]:  eta: 13:58:27  iter: 19  total_loss: 513.1  loss_ce: 7.209  contrastive_learning_loss: 91.31  time: 2.4996  data_time: 1.9019  lr: 1.9098e-06  max_mem: 17946M
[11/28 16:37:44 d2.utils.events]:  eta: 13:25:02  iter: 39  total_loss: 334.1  loss_ce: 4.815  contrastive_learning_loss: 91.3  time: 2.4395  data_time: 0.6124  lr: 3.9096e-06  max_mem: 17966M
[11/28 16:38:33 d2.utils.events]:  eta: 13:27:37  iter: 59  total_loss: 275.2  loss_ce: 3.653  contrastive_learning_loss: 91.31  time: 2.4436  data_time: 0.6086  lr: 5.9094e-06  max_mem: 17966M
[11/28 16:39:21 d2.utils.events]:  eta: 13:22:41  iter: 79  total_loss: 255.5  loss_ce: 3.216  contrastive_learning_loss: 91.31  time: 2.4406  data_time: 0.6171  lr: 7.9092e-06  max_mem: 17966M
[11/28 16:40:10 d2.utils.events]:  eta: 13:20:30  iter: 99  total_loss: 244  loss_ce: 3.235  contrastive_learning_loss: 91.31  time: 2.4359  data_time: 0.6278  lr: 9.909e-06  max_mem: 18446M
[11/28 16:40:59 d2.utils.events]:  eta: 13:19:47  iter: 119  total_loss: 236.7  loss_ce: 3.272  contrastive_learning_loss: 91.31  time: 2.4391  data_time: 0.6533  lr: 1.1909e-05  max_mem: 18446M
[11/28 16:41:49 d2.utils.events]:  eta: 13:20:16  iter: 139  total_loss: 233  loss_ce: 3.227  contrastive_learning_loss: 91.31  time: 2.4495  data_time: 0.6372  lr: 1.3909e-05  max_mem: 18446M
[11/28 16:42:37 d2.utils.events]:  eta: 13:17:47  iter: 159  total_loss: 230.4  loss_ce: 3.242  contrastive_learning_loss: 91.31  time: 2.4433  data_time: 0.6066  lr: 1.5908e-05  max_mem: 18446M
[11/28 16:43:25 d2.utils.events]:  eta: 13:16:32  iter: 179  total_loss: 232.4  loss_ce: 3.265  contrastive_learning_loss: 91.31  time: 2.4381  data_time: 0.6163  lr: 1.7908e-05  max_mem: 18446M
[11/28 16:44:14 d2.utils.events]:  eta: 13:15:18  iter: 199  total_loss: 232.3  loss_ce: 3.231  contrastive_learning_loss: 91.31  time: 2.4355  data_time: 0.6146  lr: 1.9908e-05  max_mem: 18446M
[11/28 16:45:01 d2.utils.events]:  eta: 13:12:12  iter: 219  total_loss: 228.6  loss_ce: 3.214  contrastive_learning_loss: 91.32  time: 2.4299  data_time: 0.6092  lr: 2.1908e-05  max_mem: 18446M
[11/28 16:45:50 d2.utils.events]:  eta: 13:13:12  iter: 239  total_loss: 234.9  loss_ce: 3.384  contrastive_learning_loss: 91.3  time: 2.4319  data_time: 0.6358  lr: 2.3908e-05  max_mem: 18446M
[11/28 16:46:38 d2.utils.events]:  eta: 13:10:13  iter: 259  total_loss: 227.5  loss_ce: 3.262  contrastive_learning_loss: 91.32  time: 2.4277  data_time: 0.6079  lr: 2.5907e-05  max_mem: 18446M
[11/28 16:47:26 d2.utils.events]:  eta: 13:08:22  iter: 279  total_loss: 228  loss_ce: 3.171  contrastive_learning_loss: 91.31  time: 2.4243  data_time: 0.5923  lr: 2.7907e-05  max_mem: 18446M
[11/28 16:48:13 d2.utils.events]:  eta: 13:07:06  iter: 299  total_loss: 222.9  loss_ce: 3.172  contrastive_learning_loss: 91.31  time: 2.4207  data_time: 0.6094  lr: 2.9907e-05  max_mem: 18446M
[11/28 16:49:00 d2.utils.events]:  eta: 13:04:25  iter: 319  total_loss: 222.3  loss_ce: 3.109  contrastive_learning_loss: 91.33  time: 2.4149  data_time: 0.5981  lr: 3.1907e-05  max_mem: 18446M
[11/28 16:49:47 d2.utils.events]:  eta: 13:02:41  iter: 339  total_loss: 220.3  loss_ce: 3.082  contrastive_learning_loss: 91.32  time: 2.4121  data_time: 0.6206  lr: 3.3907e-05  max_mem: 18446M
[11/28 16:50:35 d2.utils.events]:  eta: 13:02:22  iter: 359  total_loss: 219.2  loss_ce: 3.079  contrastive_learning_loss: 91.35  time: 2.4118  data_time: 0.6133  lr: 3.5906e-05  max_mem: 18446M
[11/28 16:51:22 d2.utils.events]:  eta: 12:59:48  iter: 379  total_loss: 218.3  loss_ce: 3.038  contrastive_learning_loss: 91.32  time: 2.4070  data_time: 0.5929  lr: 3.7906e-05  max_mem: 18446M
[11/28 16:52:09 d2.utils.events]:  eta: 12:58:06  iter: 399  total_loss: 217.5  loss_ce: 3  contrastive_learning_loss: 91.33  time: 2.4046  data_time: 0.6359  lr: 3.9906e-05  max_mem: 18446M
[11/28 16:52:57 d2.utils.events]:  eta: 12:56:52  iter: 419  total_loss: 217.9  loss_ce: 3.03  contrastive_learning_loss: 91.34  time: 2.4034  data_time: 0.6389  lr: 4.1906e-05  max_mem: 18446M
[11/28 16:53:43 d2.utils.events]:  eta: 12:55:34  iter: 439  total_loss: 218.5  loss_ce: 3.044  contrastive_learning_loss: 91.34  time: 2.4005  data_time: 0.5953  lr: 4.3906e-05  max_mem: 18446M
[11/28 16:54:30 d2.utils.events]:  eta: 12:54:11  iter: 459  total_loss: 218.5  loss_ce: 3.08  contrastive_learning_loss: 91.34  time: 2.3979  data_time: 0.5914  lr: 4.5905e-05  max_mem: 18446M
[11/28 16:55:18 d2.utils.events]:  eta: 12:53:06  iter: 479  total_loss: 217  loss_ce: 3.019  contrastive_learning_loss: 91.34  time: 2.3965  data_time: 0.5999  lr: 4.7905e-05  max_mem: 18446M
[11/28 16:56:05 d2.utils.events]:  eta: 12:51:25  iter: 499  total_loss: 217.1  loss_ce: 3.041  contrastive_learning_loss: 91.35  time: 2.3949  data_time: 0.6200  lr: 4.9905e-05  max_mem: 18446M
[11/28 16:56:54 d2.utils.events]:  eta: 12:51:08  iter: 519  total_loss: 216.8  loss_ce: 3.047  contrastive_learning_loss: 91.35  time: 2.3972  data_time: 0.6140  lr: 5.1905e-05  max_mem: 18446M
[11/28 16:57:42 d2.utils.events]:  eta: 12:49:50  iter: 539  total_loss: 217.3  loss_ce: 3.06  contrastive_learning_loss: 91.36  time: 2.3970  data_time: 0.5723  lr: 5.3905e-05  max_mem: 18446M
[11/28 16:58:30 d2.utils.events]:  eta: 12:49:03  iter: 559  total_loss: 215.5  loss_ce: 3.005  contrastive_learning_loss: 91.36  time: 2.3976  data_time: 0.6162  lr: 5.5904e-05  max_mem: 18446M
[11/28 16:59:18 d2.utils.events]:  eta: 12:48:15  iter: 579  total_loss: 215.7  loss_ce: 3.006  contrastive_learning_loss: 91.37  time: 2.3977  data_time: 0.6092  lr: 5.7904e-05  max_mem: 18446M
[11/28 17:00:06 d2.utils.events]:  eta: 12:47:29  iter: 599  total_loss: 215.9  loss_ce: 2.973  contrastive_learning_loss: 91.38  time: 2.3972  data_time: 0.6320  lr: 5.9904e-05  max_mem: 18446M
[11/28 17:00:54 d2.utils.events]:  eta: 12:46:35  iter: 619  total_loss: 216  loss_ce: 3.029  contrastive_learning_loss: 91.37  time: 2.3970  data_time: 0.5984  lr: 6.1904e-05  max_mem: 18446M
[11/28 17:01:41 d2.utils.events]:  eta: 12:45:07  iter: 639  total_loss: 215.6  loss_ce: 3.03  contrastive_learning_loss: 91.39  time: 2.3948  data_time: 0.5826  lr: 6.3904e-05  max_mem: 18707M
[11/28 17:02:28 d2.utils.events]:  eta: 12:44:19  iter: 659  total_loss: 216.9  loss_ce: 3.06  contrastive_learning_loss: 91.39  time: 2.3943  data_time: 0.6271  lr: 6.5903e-05  max_mem: 18707M
[11/28 17:03:17 d2.utils.events]:  eta: 12:44:00  iter: 679  total_loss: 215.6  loss_ce: 3.029  contrastive_learning_loss: 91.4  time: 2.3952  data_time: 0.6092  lr: 6.7903e-05  max_mem: 18807M
[11/28 17:04:04 d2.utils.events]:  eta: 12:43:20  iter: 699  total_loss: 216  loss_ce: 3.092  contrastive_learning_loss: 91.39  time: 2.3948  data_time: 0.6128  lr: 6.9903e-05  max_mem: 18807M
[11/28 17:04:52 d2.utils.events]:  eta: 12:42:32  iter: 719  total_loss: 215.2  loss_ce: 3.002  contrastive_learning_loss: 91.4  time: 2.3938  data_time: 0.6260  lr: 7.1903e-05  max_mem: 18807M
[11/28 17:05:39 d2.utils.events]:  eta: 12:41:45  iter: 739  total_loss: 215.9  loss_ce: 3.039  contrastive_learning_loss: 91.42  time: 2.3935  data_time: 0.6559  lr: 7.3903e-05  max_mem: 18807M
[11/28 17:06:29 d2.utils.events]:  eta: 12:41:21  iter: 759  total_loss: 215.4  loss_ce: 3.042  contrastive_learning_loss: 91.42  time: 2.3957  data_time: 0.6149  lr: 7.5902e-05  max_mem: 18807M
[11/28 17:07:17 d2.utils.events]:  eta: 12:40:53  iter: 779  total_loss: 214.2  loss_ce: 3.002  contrastive_learning_loss: 91.41  time: 2.3960  data_time: 0.6242  lr: 7.7902e-05  max_mem: 18807M
[11/28 17:08:06 d2.utils.events]:  eta: 12:40:05  iter: 799  total_loss: 215  loss_ce: 3.034  contrastive_learning_loss: 91.41  time: 2.3968  data_time: 0.6037  lr: 7.9902e-05  max_mem: 18807M
[11/28 17:08:53 d2.utils.events]:  eta: 12:38:40  iter: 819  total_loss: 215  loss_ce: 3.059  contrastive_learning_loss: 91.43  time: 2.3962  data_time: 0.6255  lr: 8.1902e-05  max_mem: 19222M
[11/28 17:09:41 d2.utils.events]:  eta: 12:37:53  iter: 839  total_loss: 214.7  loss_ce: 3.011  contrastive_learning_loss: 91.45  time: 2.3965  data_time: 0.6071  lr: 8.3902e-05  max_mem: 19222M
[11/28 17:10:29 d2.utils.events]:  eta: 12:37:05  iter: 859  total_loss: 214.9  loss_ce: 3.054  contrastive_learning_loss: 91.45  time: 2.3964  data_time: 0.5915  lr: 8.5901e-05  max_mem: 19222M
[11/28 17:11:17 d2.utils.events]:  eta: 12:36:25  iter: 879  total_loss: 213.1  loss_ce: 2.965  contrastive_learning_loss: 91.45  time: 2.3961  data_time: 0.6164  lr: 8.7901e-05  max_mem: 19222M
[11/28 17:12:06 d2.utils.events]:  eta: 12:36:00  iter: 899  total_loss: 212.6  loss_ce: 2.99  contrastive_learning_loss: 91.47  time: 2.3969  data_time: 0.6199  lr: 8.9901e-05  max_mem: 19222M
[11/28 17:12:54 d2.utils.events]:  eta: 12:35:21  iter: 919  total_loss: 213  loss_ce: 3.057  contrastive_learning_loss: 91.48  time: 2.3971  data_time: 0.6264  lr: 9.1901e-05  max_mem: 19222M
[11/28 17:13:42 d2.utils.events]:  eta: 12:34:25  iter: 939  total_loss: 213.2  loss_ce: 3.034  contrastive_learning_loss: 91.45  time: 2.3971  data_time: 0.6075  lr: 9.3901e-05  max_mem: 19222M
[11/28 17:14:31 d2.utils.events]:  eta: 12:34:10  iter: 959  total_loss: 212.3  loss_ce: 2.974  contrastive_learning_loss: 91.49  time: 2.3986  data_time: 0.6191  lr: 9.59e-05  max_mem: 19222M
[11/28 17:15:17 d2.utils.events]:  eta: 12:32:39  iter: 979  total_loss: 212.9  loss_ce: 3.052  contrastive_learning_loss: 91.48  time: 2.3965  data_time: 0.5467  lr: 9.79e-05  max_mem: 19222M
[11/28 17:16:06 d2.utils.events]:  eta: 12:32:11  iter: 999  total_loss: 212.5  loss_ce: 2.993  contrastive_learning_loss: 91.47  time: 2.3971  data_time: 0.6281  lr: 9.99e-05  max_mem: 19222M
[11/28 17:16:54 d2.utils.events]:  eta: 12:30:40  iter: 1019  total_loss: 211.6  loss_ce: 2.931  contrastive_learning_loss: 91.52  time: 2.3969  data_time: 0.5998  lr: 0.0001  max_mem: 19222M
[11/28 17:17:41 d2.utils.events]:  eta: 12:29:42  iter: 1039  total_loss: 213.1  loss_ce: 3.006  contrastive_learning_loss: 91.48  time: 2.3961  data_time: 0.5751  lr: 0.0001  max_mem: 19222M
[11/28 17:18:27 d2.utils.events]:  eta: 12:28:22  iter: 1059  total_loss: 212.7  loss_ce: 2.987  contrastive_learning_loss: 91.48  time: 2.3947  data_time: 0.5797  lr: 0.0001  max_mem: 19222M
[11/28 17:19:15 d2.utils.events]:  eta: 12:27:27  iter: 1079  total_loss: 212  loss_ce: 2.944  contrastive_learning_loss: 91.52  time: 2.3947  data_time: 0.6084  lr: 0.0001  max_mem: 19222M
[11/28 17:20:04 d2.utils.events]:  eta: 12:26:44  iter: 1099  total_loss: 212.6  loss_ce: 2.92  contrastive_learning_loss: 91.5  time: 2.3954  data_time: 0.6281  lr: 0.0001  max_mem: 19222M
[11/28 17:20:53 d2.utils.events]:  eta: 12:25:59  iter: 1119  total_loss: 212.7  loss_ce: 3.028  contrastive_learning_loss: 91.52  time: 2.3962  data_time: 0.6200  lr: 0.0001  max_mem: 19222M
[11/28 17:21:42 d2.utils.events]:  eta: 12:25:05  iter: 1139  total_loss: 210.8  loss_ce: 2.917  contrastive_learning_loss: 91.53  time: 2.3967  data_time: 0.6350  lr: 0.0001  max_mem: 19222M
[11/28 17:22:30 d2.utils.events]:  eta: 12:24:20  iter: 1159  total_loss: 211  loss_ce: 2.876  contrastive_learning_loss: 91.56  time: 2.3973  data_time: 0.6087  lr: 0.0001  max_mem: 19222M
[11/28 17:23:17 d2.utils.events]:  eta: 12:22:49  iter: 1179  total_loss: 210.2  loss_ce: 2.84  contrastive_learning_loss: 91.52  time: 2.3964  data_time: 0.6033  lr: 0.0001  max_mem: 19222M
[11/28 17:24:05 d2.utils.events]:  eta: 12:22:23  iter: 1199  total_loss: 209.8  loss_ce: 2.877  contrastive_learning_loss: 91.54  time: 2.3964  data_time: 0.6436  lr: 0.0001  max_mem: 19222M
[11/28 17:24:52 d2.utils.events]:  eta: 12:21:50  iter: 1219  total_loss: 208.5  loss_ce: 2.787  contrastive_learning_loss: 91.53  time: 2.3956  data_time: 0.6030  lr: 0.0001  max_mem: 19222M
[11/28 17:25:40 d2.utils.events]:  eta: 12:20:38  iter: 1239  total_loss: 209.2  loss_ce: 2.904  contrastive_learning_loss: 91.53  time: 2.3955  data_time: 0.6138  lr: 0.0001  max_mem: 19222M
[11/28 17:26:28 d2.utils.events]:  eta: 12:19:51  iter: 1259  total_loss: 209.3  loss_ce: 2.838  contrastive_learning_loss: 91.57  time: 2.3954  data_time: 0.5952  lr: 0.0001  max_mem: 19222M
[11/28 17:27:14 d2.utils.events]:  eta: 12:18:42  iter: 1279  total_loss: 210.4  loss_ce: 2.839  contrastive_learning_loss: 91.58  time: 2.3939  data_time: 0.5886  lr: 0.0001  max_mem: 19222M
[11/28 17:28:01 d2.utils.events]:  eta: 12:17:23  iter: 1299  total_loss: 208.6  loss_ce: 2.806  contrastive_learning_loss: 91.55  time: 2.3934  data_time: 0.5863  lr: 0.0001  max_mem: 19222M
[11/28 17:28:48 d2.utils.events]:  eta: 12:17:07  iter: 1319  total_loss: 206.8  loss_ce: 2.728  contrastive_learning_loss: 91.56  time: 2.3926  data_time: 0.6187  lr: 0.0001  max_mem: 19222M
[11/28 17:29:34 d2.utils.events]:  eta: 12:15:58  iter: 1339  total_loss: 207.6  loss_ce: 2.774  contrastive_learning_loss: 91.58  time: 2.3913  data_time: 0.6082  lr: 0.0001  max_mem: 19222M
[11/28 17:30:21 d2.utils.events]:  eta: 12:14:00  iter: 1359  total_loss: 210.1  loss_ce: 2.846  contrastive_learning_loss: 91.57  time: 2.3907  data_time: 0.6160  lr: 0.0001  max_mem: 19222M
[11/28 17:31:07 d2.utils.events]:  eta: 12:13:01  iter: 1379  total_loss: 208.1  loss_ce: 2.816  contrastive_learning_loss: 91.57  time: 2.3891  data_time: 0.5820  lr: 0.0001  max_mem: 19222M
[11/28 17:31:55 d2.utils.events]:  eta: 12:12:45  iter: 1399  total_loss: 206.9  loss_ce: 2.709  contrastive_learning_loss: 91.57  time: 2.3890  data_time: 0.6262  lr: 0.0001  max_mem: 19222M
[11/28 17:32:43 d2.utils.events]:  eta: 12:11:44  iter: 1419  total_loss: 212.2  loss_ce: 2.825  contrastive_learning_loss: 91.59  time: 2.3893  data_time: 0.6044  lr: 0.0001  max_mem: 19222M
[11/28 17:33:30 d2.utils.events]:  eta: 12:11:10  iter: 1439  total_loss: 212.2  loss_ce: 2.87  contrastive_learning_loss: 91.57  time: 2.3887  data_time: 0.5822  lr: 0.0001  max_mem: 19222M
[11/28 17:34:17 d2.utils.events]:  eta: 12:10:23  iter: 1459  total_loss: 214.4  loss_ce: 3.283  contrastive_learning_loss: 91.62  time: 2.3879  data_time: 0.6082  lr: 0.0001  max_mem: 19222M
[11/28 17:35:03 d2.utils.events]:  eta: 12:08:51  iter: 1479  total_loss: 213.5  loss_ce: 2.867  contrastive_learning_loss: 91.6  time: 2.3870  data_time: 0.5951  lr: 0.0001  max_mem: 19222M
[11/28 17:35:50 d2.utils.events]:  eta: 12:08:04  iter: 1499  total_loss: 210.6  loss_ce: 2.799  contrastive_learning_loss: 91.64  time: 2.3865  data_time: 0.6197  lr: 0.0001  max_mem: 19222M
[11/28 17:36:37 d2.utils.events]:  eta: 12:06:45  iter: 1519  total_loss: 206.8  loss_ce: 2.644  contrastive_learning_loss: 91.6  time: 2.3859  data_time: 0.6076  lr: 0.0001  max_mem: 19222M
[11/28 17:37:24 d2.utils.events]:  eta: 12:05:58  iter: 1539  total_loss: 204.3  loss_ce: 2.566  contrastive_learning_loss: 91.62  time: 2.3855  data_time: 0.6057  lr: 0.0001  max_mem: 19222M
[11/28 17:38:11 d2.utils.events]:  eta: 12:05:01  iter: 1559  total_loss: 203.4  loss_ce: 2.603  contrastive_learning_loss: 91.66  time: 2.3848  data_time: 0.5913  lr: 0.0001  max_mem: 19222M
[11/28 17:38:57 d2.utils.events]:  eta: 12:03:51  iter: 1579  total_loss: 204.4  loss_ce: 2.529  contrastive_learning_loss: 91.63  time: 2.3840  data_time: 0.6039  lr: 0.0001  max_mem: 19222M
[11/28 17:39:45 d2.utils.events]:  eta: 12:03:04  iter: 1599  total_loss: 202.9  loss_ce: 2.509  contrastive_learning_loss: 91.64  time: 2.3840  data_time: 0.6162  lr: 0.0001  max_mem: 19222M
[11/28 17:40:32 d2.utils.events]:  eta: 12:01:35  iter: 1619  total_loss: 203.9  loss_ce: 2.614  contrastive_learning_loss: 91.64  time: 2.3835  data_time: 0.5823  lr: 0.0001  max_mem: 19222M
[11/28 17:41:17 d2.utils.events]:  eta: 12:00:42  iter: 1639  total_loss: 201.5  loss_ce: 2.545  contrastive_learning_loss: 91.66  time: 2.3820  data_time: 0.5687  lr: 0.0001  max_mem: 19222M
[11/28 17:42:04 d2.utils.events]:  eta: 11:59:36  iter: 1659  total_loss: 201.8  loss_ce: 2.49  contrastive_learning_loss: 91.64  time: 2.3814  data_time: 0.6132  lr: 0.0001  max_mem: 19222M
[11/28 17:42:50 d2.utils.events]:  eta: 11:58:13  iter: 1679  total_loss: 208.3  loss_ce: 2.73  contrastive_learning_loss: 91.62  time: 2.3804  data_time: 0.5460  lr: 0.0001  max_mem: 19222M
[11/28 17:43:35 d2.utils.events]:  eta: 11:56:28  iter: 1699  total_loss: 204.5  loss_ce: 2.591  contrastive_learning_loss: 91.62  time: 2.3788  data_time: 0.5543  lr: 0.0001  max_mem: 19222M
[11/28 17:44:21 d2.utils.events]:  eta: 11:55:22  iter: 1719  total_loss: 202.1  loss_ce: 2.515  contrastive_learning_loss: 91.66  time: 2.3779  data_time: 0.5928  lr: 0.0001  max_mem: 19222M
[11/28 17:45:09 d2.utils.events]:  eta: 11:54:06  iter: 1739  total_loss: 203.6  loss_ce: 2.624  contrastive_learning_loss: 91.62  time: 2.3779  data_time: 0.6307  lr: 0.0001  max_mem: 19222M
[11/28 17:45:57 d2.utils.events]:  eta: 11:53:11  iter: 1759  total_loss: 201.6  loss_ce: 2.479  contrastive_learning_loss: 91.64  time: 2.3782  data_time: 0.6506  lr: 0.0001  max_mem: 19222M
[11/28 17:46:43 d2.utils.events]:  eta: 11:51:18  iter: 1779  total_loss: 201.5  loss_ce: 2.48  contrastive_learning_loss: 91.65  time: 2.3777  data_time: 0.6039  lr: 0.0001  max_mem: 19222M
[11/28 17:47:30 d2.utils.events]:  eta: 11:50:14  iter: 1799  total_loss: 201.4  loss_ce: 2.526  contrastive_learning_loss: 91.62  time: 2.3771  data_time: 0.5952  lr: 0.0001  max_mem: 19222M
[11/28 17:48:17 d2.utils.events]:  eta: 11:49:31  iter: 1819  total_loss: 200.5  loss_ce: 2.434  contrastive_learning_loss: 91.63  time: 2.3768  data_time: 0.5976  lr: 0.0001  max_mem: 19222M
[11/28 17:49:04 d2.utils.events]:  eta: 11:48:24  iter: 1839  total_loss: 200.7  loss_ce: 2.435  contrastive_learning_loss: 91.7  time: 2.3765  data_time: 0.6026  lr: 0.0001  max_mem: 19222M
[11/28 17:49:52 d2.utils.events]:  eta: 11:47:47  iter: 1859  total_loss: 199.2  loss_ce: 2.369  contrastive_learning_loss: 91.63  time: 2.3764  data_time: 0.5980  lr: 0.0001  max_mem: 19222M
[11/28 17:50:41 d2.utils.events]:  eta: 11:47:12  iter: 1879  total_loss: 200.3  loss_ce: 2.406  contrastive_learning_loss: 91.65  time: 2.3774  data_time: 0.6020  lr: 0.0001  max_mem: 19222M
[11/28 17:51:28 d2.utils.events]:  eta: 11:46:08  iter: 1899  total_loss: 198.7  loss_ce: 2.352  contrastive_learning_loss: 91.66  time: 2.3772  data_time: 0.5719  lr: 0.0001  max_mem: 19222M
[11/28 17:52:17 d2.utils.events]:  eta: 11:45:20  iter: 1919  total_loss: 200.5  loss_ce: 2.41  contrastive_learning_loss: 91.68  time: 2.3778  data_time: 0.5986  lr: 0.0001  max_mem: 19222M
[11/28 17:53:04 d2.utils.events]:  eta: 11:44:02  iter: 1939  total_loss: 199  loss_ce: 2.396  contrastive_learning_loss: 91.7  time: 2.3773  data_time: 0.5655  lr: 0.0001  max_mem: 19222M
[11/28 17:53:51 d2.utils.events]:  eta: 11:42:48  iter: 1959  total_loss: 198.9  loss_ce: 2.456  contrastive_learning_loss: 91.67  time: 2.3770  data_time: 0.5997  lr: 0.0001  max_mem: 19222M
[11/28 17:54:38 d2.utils.events]:  eta: 11:42:20  iter: 1979  total_loss: 199.9  loss_ce: 2.464  contrastive_learning_loss: 91.67  time: 2.3770  data_time: 0.6092  lr: 0.0001  max_mem: 19222M
[11/28 17:55:27 d2.projects.glee.data.refcoco_dataset_mapper]: Full TransformGens used in training: [ResizeShortestEdge(short_edge_length=(800, 800), max_size=1333, sample_style='choice')], crop: None
[11/28 17:55:28 d2.data.datasets.coco]: Loaded 5000 images in COCO format from /mnt/data6T/GLEE/datasets/coco/annotations/instances_with_captions_val2017.json
[11/28 17:55:28 d2.data.common]: Serializing 5000 elements to byte tensors and concatenating them all ...
[11/28 17:55:28 d2.data.common]: Serialized dataset takes 20.11 MiB
WARNING [11/28 17:55:29 d2.evaluation.coco_evaluation]: COCO Evaluator instantiated using config, this is deprecated behavior. Please pass in explicit arguments instead.
[11/28 17:55:29 d2.evaluation.evaluator]: Start inference on 1250 batches
[11/28 17:55:33] xformers WARNING: WARNING[XFORMERS]: xFormers can't load C++/CUDA extensions. xFormers was built for:
    PyTorch 2.5.1+cu121 with CUDA 1201 (you have 2.1.0+cu121)
    Python  3.9.20 (you have 3.9.2)
  Please reinstall xformers (see https://github.com/facebookresearch/xformers#installing-xformers)
  Memory-efficient attention, SwiGLU, sparse and more won't be available.
  Set XFORMERS_MORE_DETAILS=1 for more details
[11/28 17:55:33] xformers WARNING: WARNING[XFORMERS]: xFormers can't load C++/CUDA extensions. xFormers was built for:
    PyTorch 2.5.1+cu121 with CUDA 1201 (you have 2.1.0+cu121)
    Python  3.9.20 (you have 3.9.2)
  Please reinstall xformers (see https://github.com/facebookresearch/xformers#installing-xformers)
  Memory-efficient attention, SwiGLU, sparse and more won't be available.
  Set XFORMERS_MORE_DETAILS=1 for more details
[11/28 17:55:33] xformers WARNING: WARNING[XFORMERS]: xFormers can't load C++/CUDA extensions. xFormers was built for:
    PyTorch 2.5.1+cu121 with CUDA 1201 (you have 2.1.0+cu121)
    Python  3.9.20 (you have 3.9.2)
  Please reinstall xformers (see https://github.com/facebookresearch/xformers#installing-xformers)
  Memory-efficient attention, SwiGLU, sparse and more won't be available.
  Set XFORMERS_MORE_DETAILS=1 for more details
[11/28 17:55:34] xformers WARNING: WARNING[XFORMERS]: xFormers can't load C++/CUDA extensions. xFormers was built for:
    PyTorch 2.5.1+cu121 with CUDA 1201 (you have 2.1.0+cu121)
    Python  3.9.20 (you have 3.9.2)
  Please reinstall xformers (see https://github.com/facebookresearch/xformers#installing-xformers)
  Memory-efficient attention, SwiGLU, sparse and more won't be available.
  Set XFORMERS_MORE_DETAILS=1 for more details
[11/28 17:55:37] xformers WARNING: WARNING[XFORMERS]: xFormers can't load C++/CUDA extensions. xFormers was built for:
    PyTorch 2.5.1+cu121 with CUDA 1201 (you have 2.1.0+cu121)
    Python  3.9.20 (you have 3.9.2)
  Please reinstall xformers (see https://github.com/facebookresearch/xformers#installing-xformers)
  Memory-efficient attention, SwiGLU, sparse and more won't be available.
  Set XFORMERS_MORE_DETAILS=1 for more details
[11/28 17:55:37] xformers WARNING: WARNING[XFORMERS]: xFormers can't load C++/CUDA extensions. xFormers was built for:
    PyTorch 2.5.1+cu121 with CUDA 1201 (you have 2.1.0+cu121)
    Python  3.9.20 (you have 3.9.2)
  Please reinstall xformers (see https://github.com/facebookresearch/xformers#installing-xformers)
  Memory-efficient attention, SwiGLU, sparse and more won't be available.
  Set XFORMERS_MORE_DETAILS=1 for more details
[11/28 17:55:37] xformers WARNING: WARNING[XFORMERS]: xFormers can't load C++/CUDA extensions. xFormers was built for:
    PyTorch 2.5.1+cu121 with CUDA 1201 (you have 2.1.0+cu121)
    Python  3.9.20 (you have 3.9.2)
  Please reinstall xformers (see https://github.com/facebookresearch/xformers#installing-xformers)
  Memory-efficient attention, SwiGLU, sparse and more won't be available.
  Set XFORMERS_MORE_DETAILS=1 for more details
[11/28 17:55:38] xformers WARNING: WARNING[XFORMERS]: xFormers can't load C++/CUDA extensions. xFormers was built for:
    PyTorch 2.5.1+cu121 with CUDA 1201 (you have 2.1.0+cu121)
    Python  3.9.20 (you have 3.9.2)
  Please reinstall xformers (see https://github.com/facebookresearch/xformers#installing-xformers)
  Memory-efficient attention, SwiGLU, sparse and more won't be available.
  Set XFORMERS_MORE_DETAILS=1 for more details
[11/28 17:55:41] xformers WARNING: WARNING[XFORMERS]: xFormers can't load C++/CUDA extensions. xFormers was built for:
    PyTorch 2.5.1+cu121 with CUDA 1201 (you have 2.1.0+cu121)
    Python  3.9.20 (you have 3.9.2)
  Please reinstall xformers (see https://github.com/facebookresearch/xformers#installing-xformers)
  Memory-efficient attention, SwiGLU, sparse and more won't be available.
  Set XFORMERS_MORE_DETAILS=1 for more details
[11/28 17:55:41] xformers WARNING: WARNING[XFORMERS]: xFormers can't load C++/CUDA extensions. xFormers was built for:
    PyTorch 2.5.1+cu121 with CUDA 1201 (you have 2.1.0+cu121)
    Python  3.9.20 (you have 3.9.2)
  Please reinstall xformers (see https://github.com/facebookresearch/xformers#installing-xformers)
  Memory-efficient attention, SwiGLU, sparse and more won't be available.
  Set XFORMERS_MORE_DETAILS=1 for more details
[11/28 17:55:42] xformers WARNING: WARNING[XFORMERS]: xFormers can't load C++/CUDA extensions. xFormers was built for:
    PyTorch 2.5.1+cu121 with CUDA 1201 (you have 2.1.0+cu121)
    Python  3.9.20 (you have 3.9.2)
  Please reinstall xformers (see https://github.com/facebookresearch/xformers#installing-xformers)
  Memory-efficient attention, SwiGLU, sparse and more won't be available.
  Set XFORMERS_MORE_DETAILS=1 for more details
[11/28 17:55:42] xformers WARNING: WARNING[XFORMERS]: xFormers can't load C++/CUDA extensions. xFormers was built for:
    PyTorch 2.5.1+cu121 with CUDA 1201 (you have 2.1.0+cu121)
    Python  3.9.20 (you have 3.9.2)
  Please reinstall xformers (see https://github.com/facebookresearch/xformers#installing-xformers)
  Memory-efficient attention, SwiGLU, sparse and more won't be available.
  Set XFORMERS_MORE_DETAILS=1 for more details
[11/28 17:55:45] xformers WARNING: WARNING[XFORMERS]: xFormers can't load C++/CUDA extensions. xFormers was built for:
    PyTorch 2.5.1+cu121 with CUDA 1201 (you have 2.1.0+cu121)
    Python  3.9.20 (you have 3.9.2)
  Please reinstall xformers (see https://github.com/facebookresearch/xformers#installing-xformers)
  Memory-efficient attention, SwiGLU, sparse and more won't be available.
  Set XFORMERS_MORE_DETAILS=1 for more details
[11/28 17:55:45] xformers WARNING: WARNING[XFORMERS]: xFormers can't load C++/CUDA extensions. xFormers was built for:
    PyTorch 2.5.1+cu121 with CUDA 1201 (you have 2.1.0+cu121)
    Python  3.9.20 (you have 3.9.2)
  Please reinstall xformers (see https://github.com/facebookresearch/xformers#installing-xformers)
  Memory-efficient attention, SwiGLU, sparse and more won't be available.
  Set XFORMERS_MORE_DETAILS=1 for more details
[11/28 17:55:46] xformers WARNING: WARNING[XFORMERS]: xFormers can't load C++/CUDA extensions. xFormers was built for:
    PyTorch 2.5.1+cu121 with CUDA 1201 (you have 2.1.0+cu121)
    Python  3.9.20 (you have 3.9.2)
  Please reinstall xformers (see https://github.com/facebookresearch/xformers#installing-xformers)
  Memory-efficient attention, SwiGLU, sparse and more won't be available.
  Set XFORMERS_MORE_DETAILS=1 for more details
[11/28 17:55:46] xformers WARNING: WARNING[XFORMERS]: xFormers can't load C++/CUDA extensions. xFormers was built for:
    PyTorch 2.5.1+cu121 with CUDA 1201 (you have 2.1.0+cu121)
    Python  3.9.20 (you have 3.9.2)
  Please reinstall xformers (see https://github.com/facebookresearch/xformers#installing-xformers)
  Memory-efficient attention, SwiGLU, sparse and more won't be available.
  Set XFORMERS_MORE_DETAILS=1 for more details
[11/28 17:55:50 d2.evaluation.evaluator]: Inference done 11/1250. Dataloading: 0.0014 s/iter. Inference: 0.1317 s/iter. Eval: 0.1568 s/iter. Total: 0.2899 s/iter. ETA=0:05:59
[11/28 17:55:56 d2.evaluation.evaluator]: Inference done 28/1250. Dataloading: 0.0018 s/iter. Inference: 0.1582 s/iter. Eval: 0.1445 s/iter. Total: 0.3046 s/iter. ETA=0:06:12
[11/28 17:56:01 d2.evaluation.evaluator]: Inference done 47/1250. Dataloading: 0.0020 s/iter. Inference: 0.1463 s/iter. Eval: 0.1417 s/iter. Total: 0.2901 s/iter. ETA=0:05:49
[11/28 17:56:06 d2.evaluation.evaluator]: Inference done 67/1250. Dataloading: 0.0020 s/iter. Inference: 0.1386 s/iter. Eval: 0.1372 s/iter. Total: 0.2779 s/iter. ETA=0:05:28
[11/28 17:56:11 d2.evaluation.evaluator]: Inference done 86/1250. Dataloading: 0.0020 s/iter. Inference: 0.1329 s/iter. Eval: 0.1408 s/iter. Total: 0.2759 s/iter. ETA=0:05:21
[11/28 17:56:16 d2.evaluation.evaluator]: Inference done 104/1250. Dataloading: 0.0020 s/iter. Inference: 0.1307 s/iter. Eval: 0.1449 s/iter. Total: 0.2778 s/iter. ETA=0:05:18
[11/28 17:56:21 d2.evaluation.evaluator]: Inference done 123/1250. Dataloading: 0.0021 s/iter. Inference: 0.1275 s/iter. Eval: 0.1460 s/iter. Total: 0.2756 s/iter. ETA=0:05:10
[11/28 17:56:26 d2.evaluation.evaluator]: Inference done 143/1250. Dataloading: 0.0021 s/iter. Inference: 0.1260 s/iter. Eval: 0.1457 s/iter. Total: 0.2738 s/iter. ETA=0:05:03
[11/28 17:56:31 d2.evaluation.evaluator]: Inference done 162/1250. Dataloading: 0.0021 s/iter. Inference: 0.1253 s/iter. Eval: 0.1455 s/iter. Total: 0.2730 s/iter. ETA=0:04:57
[11/28 17:56:37 d2.evaluation.evaluator]: Inference done 182/1250. Dataloading: 0.0021 s/iter. Inference: 0.1236 s/iter. Eval: 0.1459 s/iter. Total: 0.2716 s/iter. ETA=0:04:50
[11/28 17:56:42 d2.evaluation.evaluator]: Inference done 202/1250. Dataloading: 0.0021 s/iter. Inference: 0.1228 s/iter. Eval: 0.1447 s/iter. Total: 0.2697 s/iter. ETA=0:04:42
[11/28 17:56:47 d2.evaluation.evaluator]: Inference done 221/1250. Dataloading: 0.0020 s/iter. Inference: 0.1227 s/iter. Eval: 0.1446 s/iter. Total: 0.2695 s/iter. ETA=0:04:37
[11/28 17:56:52 d2.evaluation.evaluator]: Inference done 241/1250. Dataloading: 0.0020 s/iter. Inference: 0.1217 s/iter. Eval: 0.1444 s/iter. Total: 0.2681 s/iter. ETA=0:04:30
[11/28 17:56:57 d2.evaluation.evaluator]: Inference done 261/1250. Dataloading: 0.0021 s/iter. Inference: 0.1210 s/iter. Eval: 0.1441 s/iter. Total: 0.2672 s/iter. ETA=0:04:24
[11/28 17:57:02 d2.evaluation.evaluator]: Inference done 280/1250. Dataloading: 0.0021 s/iter. Inference: 0.1211 s/iter. Eval: 0.1438 s/iter. Total: 0.2670 s/iter. ETA=0:04:19
[11/28 17:57:07 d2.evaluation.evaluator]: Inference done 300/1250. Dataloading: 0.0021 s/iter. Inference: 0.1209 s/iter. Eval: 0.1435 s/iter. Total: 0.2666 s/iter. ETA=0:04:13
[11/28 17:57:12 d2.evaluation.evaluator]: Inference done 320/1250. Dataloading: 0.0021 s/iter. Inference: 0.1203 s/iter. Eval: 0.1435 s/iter. Total: 0.2660 s/iter. ETA=0:04:07
[11/28 17:57:18 d2.evaluation.evaluator]: Inference done 340/1250. Dataloading: 0.0021 s/iter. Inference: 0.1202 s/iter. Eval: 0.1433 s/iter. Total: 0.2657 s/iter. ETA=0:04:01
[11/28 17:57:23 d2.evaluation.evaluator]: Inference done 360/1250. Dataloading: 0.0021 s/iter. Inference: 0.1201 s/iter. Eval: 0.1428 s/iter. Total: 0.2651 s/iter. ETA=0:03:55
[11/28 17:57:28 d2.evaluation.evaluator]: Inference done 379/1250. Dataloading: 0.0021 s/iter. Inference: 0.1202 s/iter. Eval: 0.1428 s/iter. Total: 0.2651 s/iter. ETA=0:03:50
[11/28 17:57:33 d2.evaluation.evaluator]: Inference done 399/1250. Dataloading: 0.0021 s/iter. Inference: 0.1200 s/iter. Eval: 0.1424 s/iter. Total: 0.2645 s/iter. ETA=0:03:45
[11/28 17:57:38 d2.evaluation.evaluator]: Inference done 417/1250. Dataloading: 0.0021 s/iter. Inference: 0.1208 s/iter. Eval: 0.1425 s/iter. Total: 0.2654 s/iter. ETA=0:03:41
[11/28 17:57:43 d2.evaluation.evaluator]: Inference done 437/1250. Dataloading: 0.0020 s/iter. Inference: 0.1204 s/iter. Eval: 0.1423 s/iter. Total: 0.2648 s/iter. ETA=0:03:35
[11/28 17:57:48 d2.evaluation.evaluator]: Inference done 457/1250. Dataloading: 0.0020 s/iter. Inference: 0.1202 s/iter. Eval: 0.1422 s/iter. Total: 0.2646 s/iter. ETA=0:03:29
[11/28 17:57:53 d2.evaluation.evaluator]: Inference done 478/1250. Dataloading: 0.0020 s/iter. Inference: 0.1199 s/iter. Eval: 0.1419 s/iter. Total: 0.2640 s/iter. ETA=0:03:23
[11/28 17:57:58 d2.evaluation.evaluator]: Inference done 497/1250. Dataloading: 0.0020 s/iter. Inference: 0.1198 s/iter. Eval: 0.1421 s/iter. Total: 0.2640 s/iter. ETA=0:03:18
[11/28 17:58:04 d2.evaluation.evaluator]: Inference done 517/1250. Dataloading: 0.0020 s/iter. Inference: 0.1196 s/iter. Eval: 0.1421 s/iter. Total: 0.2638 s/iter. ETA=0:03:13
[11/28 17:58:09 d2.evaluation.evaluator]: Inference done 537/1250. Dataloading: 0.0020 s/iter. Inference: 0.1194 s/iter. Eval: 0.1422 s/iter. Total: 0.2637 s/iter. ETA=0:03:08
[11/28 17:58:14 d2.evaluation.evaluator]: Inference done 556/1250. Dataloading: 0.0020 s/iter. Inference: 0.1193 s/iter. Eval: 0.1424 s/iter. Total: 0.2639 s/iter. ETA=0:03:03
[11/28 17:58:19 d2.evaluation.evaluator]: Inference done 576/1250. Dataloading: 0.0021 s/iter. Inference: 0.1193 s/iter. Eval: 0.1424 s/iter. Total: 0.2638 s/iter. ETA=0:02:57
[11/28 17:58:24 d2.evaluation.evaluator]: Inference done 595/1250. Dataloading: 0.0021 s/iter. Inference: 0.1193 s/iter. Eval: 0.1425 s/iter. Total: 0.2640 s/iter. ETA=0:02:52
[11/28 17:58:29 d2.evaluation.evaluator]: Inference done 615/1250. Dataloading: 0.0021 s/iter. Inference: 0.1193 s/iter. Eval: 0.1424 s/iter. Total: 0.2638 s/iter. ETA=0:02:47
[11/28 17:58:35 d2.evaluation.evaluator]: Inference done 634/1250. Dataloading: 0.0021 s/iter. Inference: 0.1192 s/iter. Eval: 0.1425 s/iter. Total: 0.2638 s/iter. ETA=0:02:42
[11/28 17:58:40 d2.evaluation.evaluator]: Inference done 653/1250. Dataloading: 0.0021 s/iter. Inference: 0.1190 s/iter. Eval: 0.1428 s/iter. Total: 0.2640 s/iter. ETA=0:02:37
[11/28 17:58:45 d2.evaluation.evaluator]: Inference done 673/1250. Dataloading: 0.0021 s/iter. Inference: 0.1189 s/iter. Eval: 0.1429 s/iter. Total: 0.2639 s/iter. ETA=0:02:32
[11/28 17:58:50 d2.evaluation.evaluator]: Inference done 692/1250. Dataloading: 0.0021 s/iter. Inference: 0.1187 s/iter. Eval: 0.1430 s/iter. Total: 0.2639 s/iter. ETA=0:02:27
[11/28 17:58:55 d2.evaluation.evaluator]: Inference done 711/1250. Dataloading: 0.0021 s/iter. Inference: 0.1187 s/iter. Eval: 0.1433 s/iter. Total: 0.2641 s/iter. ETA=0:02:22
[11/28 17:59:00 d2.evaluation.evaluator]: Inference done 731/1250. Dataloading: 0.0021 s/iter. Inference: 0.1185 s/iter. Eval: 0.1434 s/iter. Total: 0.2641 s/iter. ETA=0:02:17
[11/28 17:59:05 d2.evaluation.evaluator]: Inference done 751/1250. Dataloading: 0.0021 s/iter. Inference: 0.1184 s/iter. Eval: 0.1433 s/iter. Total: 0.2639 s/iter. ETA=0:02:11
[11/28 17:59:10 d2.evaluation.evaluator]: Inference done 770/1250. Dataloading: 0.0021 s/iter. Inference: 0.1184 s/iter. Eval: 0.1433 s/iter. Total: 0.2639 s/iter. ETA=0:02:06
[11/28 17:59:16 d2.evaluation.evaluator]: Inference done 789/1250. Dataloading: 0.0021 s/iter. Inference: 0.1184 s/iter. Eval: 0.1434 s/iter. Total: 0.2640 s/iter. ETA=0:02:01
[11/28 17:59:21 d2.evaluation.evaluator]: Inference done 809/1250. Dataloading: 0.0021 s/iter. Inference: 0.1182 s/iter. Eval: 0.1433 s/iter. Total: 0.2637 s/iter. ETA=0:01:56
[11/28 17:59:26 d2.evaluation.evaluator]: Inference done 829/1250. Dataloading: 0.0021 s/iter. Inference: 0.1183 s/iter. Eval: 0.1431 s/iter. Total: 0.2635 s/iter. ETA=0:01:50
[11/28 17:59:31 d2.evaluation.evaluator]: Inference done 848/1250. Dataloading: 0.0021 s/iter. Inference: 0.1183 s/iter. Eval: 0.1431 s/iter. Total: 0.2635 s/iter. ETA=0:01:45
[11/28 17:59:36 d2.evaluation.evaluator]: Inference done 869/1250. Dataloading: 0.0021 s/iter. Inference: 0.1182 s/iter. Eval: 0.1429 s/iter. Total: 0.2632 s/iter. ETA=0:01:40
[11/28 17:59:41 d2.evaluation.evaluator]: Inference done 887/1250. Dataloading: 0.0021 s/iter. Inference: 0.1186 s/iter. Eval: 0.1429 s/iter. Total: 0.2636 s/iter. ETA=0:01:35
[11/28 17:59:46 d2.evaluation.evaluator]: Inference done 907/1250. Dataloading: 0.0020 s/iter. Inference: 0.1184 s/iter. Eval: 0.1428 s/iter. Total: 0.2633 s/iter. ETA=0:01:30
[11/28 17:59:51 d2.evaluation.evaluator]: Inference done 927/1250. Dataloading: 0.0020 s/iter. Inference: 0.1183 s/iter. Eval: 0.1428 s/iter. Total: 0.2632 s/iter. ETA=0:01:25
[11/28 17:59:56 d2.evaluation.evaluator]: Inference done 947/1250. Dataloading: 0.0020 s/iter. Inference: 0.1182 s/iter. Eval: 0.1428 s/iter. Total: 0.2631 s/iter. ETA=0:01:19
[11/28 18:00:01 d2.evaluation.evaluator]: Inference done 966/1250. Dataloading: 0.0020 s/iter. Inference: 0.1181 s/iter. Eval: 0.1429 s/iter. Total: 0.2631 s/iter. ETA=0:01:14
[11/28 18:00:07 d2.evaluation.evaluator]: Inference done 986/1250. Dataloading: 0.0020 s/iter. Inference: 0.1181 s/iter. Eval: 0.1428 s/iter. Total: 0.2630 s/iter. ETA=0:01:09
[11/28 18:00:12 d2.evaluation.evaluator]: Inference done 1006/1250. Dataloading: 0.0020 s/iter. Inference: 0.1181 s/iter. Eval: 0.1428 s/iter. Total: 0.2630 s/iter. ETA=0:01:04
[11/28 18:00:17 d2.evaluation.evaluator]: Inference done 1026/1250. Dataloading: 0.0020 s/iter. Inference: 0.1180 s/iter. Eval: 0.1428 s/iter. Total: 0.2630 s/iter. ETA=0:00:58
[11/28 18:00:22 d2.evaluation.evaluator]: Inference done 1045/1250. Dataloading: 0.0020 s/iter. Inference: 0.1180 s/iter. Eval: 0.1429 s/iter. Total: 0.2630 s/iter. ETA=0:00:53
[11/28 18:00:27 d2.evaluation.evaluator]: Inference done 1066/1250. Dataloading: 0.0021 s/iter. Inference: 0.1179 s/iter. Eval: 0.1427 s/iter. Total: 0.2627 s/iter. ETA=0:00:48
[11/28 18:00:32 d2.evaluation.evaluator]: Inference done 1086/1250. Dataloading: 0.0021 s/iter. Inference: 0.1178 s/iter. Eval: 0.1427 s/iter. Total: 0.2626 s/iter. ETA=0:00:43
[11/28 18:00:37 d2.evaluation.evaluator]: Inference done 1105/1250. Dataloading: 0.0021 s/iter. Inference: 0.1179 s/iter. Eval: 0.1426 s/iter. Total: 0.2626 s/iter. ETA=0:00:38
[11/28 18:00:42 d2.evaluation.evaluator]: Inference done 1123/1250. Dataloading: 0.0020 s/iter. Inference: 0.1178 s/iter. Eval: 0.1429 s/iter. Total: 0.2629 s/iter. ETA=0:00:33
[11/28 18:00:48 d2.evaluation.evaluator]: Inference done 1142/1250. Dataloading: 0.0020 s/iter. Inference: 0.1179 s/iter. Eval: 0.1429 s/iter. Total: 0.2629 s/iter. ETA=0:00:28
[11/28 18:00:53 d2.evaluation.evaluator]: Inference done 1162/1250. Dataloading: 0.0020 s/iter. Inference: 0.1178 s/iter. Eval: 0.1430 s/iter. Total: 0.2629 s/iter. ETA=0:00:23
[11/28 18:00:58 d2.evaluation.evaluator]: Inference done 1181/1250. Dataloading: 0.0020 s/iter. Inference: 0.1178 s/iter. Eval: 0.1430 s/iter. Total: 0.2629 s/iter. ETA=0:00:18
[11/28 18:01:03 d2.evaluation.evaluator]: Inference done 1201/1250. Dataloading: 0.0021 s/iter. Inference: 0.1178 s/iter. Eval: 0.1429 s/iter. Total: 0.2628 s/iter. ETA=0:00:12
[11/28 18:01:08 d2.evaluation.evaluator]: Inference done 1221/1250. Dataloading: 0.0021 s/iter. Inference: 0.1177 s/iter. Eval: 0.1429 s/iter. Total: 0.2628 s/iter. ETA=0:00:07
[11/28 18:01:13 d2.evaluation.evaluator]: Inference done 1240/1250. Dataloading: 0.0021 s/iter. Inference: 0.1177 s/iter. Eval: 0.1429 s/iter. Total: 0.2628 s/iter. ETA=0:00:02
[11/28 18:01:36 d2.evaluation.evaluator]: Total inference time: 0:05:47.314376 (0.278967 s / iter per device, on 4 devices)
[11/28 18:01:36 d2.evaluation.evaluator]: Total inference pure compute time: 0:02:26 (0.117715 s / iter per device, on 4 devices)
[11/28 18:02:03 d2.evaluation.coco_evaluation]: Preparing results for COCO format ...
[11/28 18:02:03 d2.evaluation.coco_evaluation]: Saving results to ./exp/GLEE_Lite_CLIPfrozen_pretrain/inference/coco_instances_results.json
[11/28 18:02:10 d2.evaluation.coco_evaluation]: Evaluating predictions with unofficial COCO API...
Loading and preparing results...
DONE (t=0.51s)
creating index...
index created!
[11/28 18:02:10 d2.evaluation.fast_eval_api]: Evaluate annotation type *bbox*
[11/28 18:02:22 d2.evaluation.fast_eval_api]: COCOeval_opt.evaluate() finished in 11.77 seconds.
[11/28 18:02:22 d2.evaluation.fast_eval_api]: Accumulating evaluation results...
[11/28 18:02:24 d2.evaluation.fast_eval_api]: COCOeval_opt.accumulate() finished in 1.99 seconds.
 Average Precision  (AP) @[ IoU=0.50:0.95 | area=   all | maxDets=100 ] = 0.001
 Average Precision  (AP) @[ IoU=0.50      | area=   all | maxDets=100 ] = 0.003
 Average Precision  (AP) @[ IoU=0.75      | area=   all | maxDets=100 ] = 0.000
 Average Precision  (AP) @[ IoU=0.50:0.95 | area= small | maxDets=100 ] = 0.000
 Average Precision  (AP) @[ IoU=0.50:0.95 | area=medium | maxDets=100 ] = 0.001
 Average Precision  (AP) @[ IoU=0.50:0.95 | area= large | maxDets=100 ] = 0.001
 Average Recall     (AR) @[ IoU=0.50:0.95 | area=   all | maxDets=  1 ] = 0.002
 Average Recall     (AR) @[ IoU=0.50:0.95 | area=   all | maxDets= 10 ] = 0.008
 Average Recall     (AR) @[ IoU=0.50:0.95 | area=   all | maxDets=100 ] = 0.012
 Average Recall     (AR) @[ IoU=0.50:0.95 | area= small | maxDets=100 ] = 0.002
 Average Recall     (AR) @[ IoU=0.50:0.95 | area=medium | maxDets=100 ] = 0.012
 Average Recall     (AR) @[ IoU=0.50:0.95 | area= large | maxDets=100 ] = 0.019
[11/28 18:02:24 d2.evaluation.coco_evaluation]: Evaluation results for bbox: 
|  AP   |  AP50  |  AP75  |  APs  |  APm  |  APl  |
|:-----:|:------:|:------:|:-----:|:-----:|:-----:|
| 0.057 | 0.279  | 0.006  | 0.022 | 0.075 | 0.073 |
[11/28 18:02:24 d2.evaluation.coco_evaluation]: Per-category bbox AP: 
| category      | AP    | category     | AP    | category       | AP    |
|:--------------|:------|:-------------|:------|:---------------|:------|
| person        | 0.126 | bicycle      | 0.052 | car            | 0.152 |
| motorcycle    | 0.007 | airplane     | 0.066 | bus            | 0.103 |
| train         | 0.076 | truck        | 0.006 | boat           | 0.007 |
| traffic light | 0.002 | fire hydrant | 0.025 | stop sign      | 0.061 |
| parking meter | 0.000 | bench        | 0.019 | bird           | 0.008 |
| cat           | 0.053 | dog          | 0.007 | horse          | 0.091 |
| sheep         | 0.018 | cow          | 0.002 | elephant       | 0.354 |
| bear          | 0.013 | zebra        | 0.656 | giraffe        | 0.723 |
| backpack      | 0.000 | umbrella     | 0.008 | handbag        | 0.001 |
| tie           | 0.000 | suitcase     | 0.003 | frisbee        | 0.000 |
| skis          | 0.012 | snowboard    | 0.000 | sports ball    | 0.006 |
| kite          | 0.128 | baseball bat | 0.000 | baseball glove | 0.000 |
| skateboard    | 0.005 | surfboard    | 0.017 | tennis racket  | 0.000 |
| bottle        | 0.003 | wine glass   | 0.000 | cup            | 0.017 |
| fork          | 0.000 | knife        | 0.000 | spoon          | 0.000 |
| bowl          | 0.026 | banana       | 0.063 | apple          | 0.000 |
| sandwich      | 0.000 | orange       | 0.050 | broccoli       | 0.241 |
| carrot        | 0.016 | hot dog      | 0.008 | pizza          | 0.171 |
| donut         | 0.008 | cake         | 0.012 | chair          | 0.020 |
| couch         | 0.015 | potted plant | 0.017 | bed            | 0.163 |
| dining table  | 0.148 | toilet       | 0.239 | tv             | 0.062 |
| laptop        | 0.003 | mouse        | 0.000 | remote         | 0.000 |
| keyboard      | 0.000 | cell phone   | 0.149 | microwave      | 0.000 |
| oven          | 0.000 | toaster      | 0.000 | sink           | 0.105 |
| refrigerator  | 0.006 | book         | 0.005 | clock          | 0.008 |
| vase          | 0.103 | scissors     | 0.046 | teddy bear     | 0.014 |
| hair drier    | 0.000 | toothbrush   | 0.000 |                |       |
Loading and preparing results...
DONE (t=9.37s)
creating index...
index created!
[11/28 18:02:45 d2.evaluation.fast_eval_api]: Evaluate annotation type *segm*
[11/28 18:03:05 d2.evaluation.fast_eval_api]: COCOeval_opt.evaluate() finished in 20.17 seconds.
[11/28 18:03:06 d2.evaluation.fast_eval_api]: Accumulating evaluation results...
[11/28 18:03:08 d2.evaluation.fast_eval_api]: COCOeval_opt.accumulate() finished in 1.85 seconds.
 Average Precision  (AP) @[ IoU=0.50:0.95 | area=   all | maxDets=100 ] = 0.001
 Average Precision  (AP) @[ IoU=0.50      | area=   all | maxDets=100 ] = 0.002
 Average Precision  (AP) @[ IoU=0.75      | area=   all | maxDets=100 ] = 0.000
 Average Precision  (AP) @[ IoU=0.50:0.95 | area= small | maxDets=100 ] = 0.000
 Average Precision  (AP) @[ IoU=0.50:0.95 | area=medium | maxDets=100 ] = 0.000
 Average Precision  (AP) @[ IoU=0.50:0.95 | area= large | maxDets=100 ] = 0.001
 Average Recall     (AR) @[ IoU=0.50:0.95 | area=   all | maxDets=  1 ] = 0.004
 Average Recall     (AR) @[ IoU=0.50:0.95 | area=   all | maxDets= 10 ] = 0.006
 Average Recall     (AR) @[ IoU=0.50:0.95 | area=   all | maxDets=100 ] = 0.007
 Average Recall     (AR) @[ IoU=0.50:0.95 | area= small | maxDets=100 ] = 0.000
 Average Recall     (AR) @[ IoU=0.50:0.95 | area=medium | maxDets=100 ] = 0.001
 Average Recall     (AR) @[ IoU=0.50:0.95 | area= large | maxDets=100 ] = 0.012
[11/28 18:03:09 d2.evaluation.coco_evaluation]: Evaluation results for segm: 
|  AP   |  AP50  |  AP75  |  APs  |  APm  |  APl  |
|:-----:|:------:|:------:|:-----:|:-----:|:-----:|
| 0.059 | 0.208  | 0.025  | 0.000 | 0.005 | 0.111 |
[11/28 18:03:09 d2.evaluation.coco_evaluation]: Per-category segm AP: 
| category      | AP    | category     | AP    | category       | AP    |
|:--------------|:------|:-------------|:------|:---------------|:------|
| person        | 0.012 | bicycle      | 0.003 | car            | 0.001 |
| motorcycle    | 0.002 | airplane     | 0.018 | bus            | 0.775 |
| train         | 1.275 | truck        | 0.027 | boat           | 0.006 |
| traffic light | 0.000 | fire hydrant | 0.000 | stop sign      | 0.245 |
| parking meter | 0.000 | bench        | 0.007 | bird           | 0.000 |
| cat           | 0.075 | dog          | 0.010 | horse          | 0.033 |
| sheep         | 0.001 | cow          | 0.000 | elephant       | 0.116 |
| bear          | 0.019 | zebra        | 0.021 | giraffe        | 0.001 |
| backpack      | 0.000 | umbrella     | 0.001 | handbag        | 0.000 |
| tie           | 0.000 | suitcase     | 0.001 | frisbee        | 0.000 |
| skis          | 0.000 | snowboard    | 0.000 | sports ball    | 0.000 |
| kite          | 0.000 | baseball bat | 0.000 | baseball glove | 0.000 |
| skateboard    | 0.000 | surfboard    | 0.000 | tennis racket  | 0.000 |
| bottle        | 0.000 | wine glass   | 0.000 | cup            | 0.000 |
| fork          | 0.000 | knife        | 0.000 | spoon          | 0.000 |
| bowl          | 0.015 | banana       | 0.004 | apple          | 0.001 |
| sandwich      | 0.028 | orange       | 0.000 | broccoli       | 0.099 |
| carrot        | 0.008 | hot dog      | 0.000 | pizza          | 0.217 |
| donut         | 0.000 | cake         | 0.001 | chair          | 0.001 |
| couch         | 0.005 | potted plant | 0.000 | bed            | 0.366 |
| dining table  | 0.520 | toilet       | 0.004 | tv             | 0.003 |
| laptop        | 0.003 | mouse        | 0.000 | remote         | 0.000 |
| keyboard      | 0.802 | cell phone   | 0.000 | microwave      | 0.000 |
| oven          | 0.000 | toaster      | 0.000 | sink           | 0.000 |
| refrigerator  | 0.022 | book         | 0.000 | clock          | 0.000 |
| vase          | 0.001 | scissors     | 0.000 | teddy bear     | 0.000 |
| hair drier    | 0.000 | toothbrush   | 0.000 |                |       |
[11/28 18:03:10 d2.engine.defaults]: Evaluation results for coco_2017_val_with_edges in csv format:
[11/28 18:03:10 d2.evaluation.testing]: copypaste: Task: bbox
[11/28 18:03:10 d2.evaluation.testing]: copypaste: AP,AP50,AP75,APs,APm,APl
[11/28 18:03:10 d2.evaluation.testing]: copypaste: 0.0566,0.2790,0.0055,0.0220,0.0748,0.0727
[11/28 18:03:10 d2.evaluation.testing]: copypaste: Task: segm
[11/28 18:03:10 d2.evaluation.testing]: copypaste: AP,AP50,AP75,APs,APm,APl
[11/28 18:03:10 d2.evaluation.testing]: copypaste: 0.0594,0.2078,0.0245,0.0001,0.0050,0.1110
[11/28 18:03:10 d2.utils.events]:  eta: 11:41:29  iter: 1999  total_loss: 199  loss_ce: 2.369  contrastive_learning_loss: 91.64  time: 2.3777  data_time: 0.6122  lr: 0.0001  max_mem: 19222M
[11/28 18:03:58 d2.utils.events]:  eta: 11:40:33  iter: 2019  total_loss: 199.6  loss_ce: 2.379  contrastive_learning_loss: 91.67  time: 2.3777  data_time: 0.6251  lr: 0.0001  max_mem: 19222M
[11/28 18:04:44 d2.utils.events]:  eta: 11:39:41  iter: 2039  total_loss: 199.8  loss_ce: 2.426  contrastive_learning_loss: 91.62  time: 2.3770  data_time: 0.5994  lr: 0.0001  max_mem: 19222M
[11/28 18:05:30 d2.utils.events]:  eta: 11:38:45  iter: 2059  total_loss: 199.3  loss_ce: 2.371  contrastive_learning_loss: 91.65  time: 2.3760  data_time: 0.5714  lr: 0.0001  max_mem: 19222M
[11/28 18:06:17 d2.utils.events]:  eta: 11:37:52  iter: 2079  total_loss: 197.8  loss_ce: 2.314  contrastive_learning_loss: 91.65  time: 2.3758  data_time: 0.6010  lr: 0.0001  max_mem: 19222M
[11/28 18:07:04 d2.utils.events]:  eta: 11:36:57  iter: 2099  total_loss: 198.4  loss_ce: 2.41  contrastive_learning_loss: 91.64  time: 2.3758  data_time: 0.6321  lr: 0.0001  max_mem: 19222M
[11/28 18:07:52 d2.utils.events]:  eta: 11:35:28  iter: 2119  total_loss: 198.7  loss_ce: 2.411  contrastive_learning_loss: 91.61  time: 2.3757  data_time: 0.6206  lr: 0.0001  max_mem: 19222M
[11/28 18:08:40 d2.utils.events]:  eta: 11:34:26  iter: 2139  total_loss: 197.6  loss_ce: 2.307  contrastive_learning_loss: 91.62  time: 2.3758  data_time: 0.5985  lr: 0.0001  max_mem: 19222M
[11/28 18:09:26 d2.utils.events]:  eta: 11:33:29  iter: 2159  total_loss: 199  loss_ce: 2.363  contrastive_learning_loss: 91.65  time: 2.3754  data_time: 0.6179  lr: 0.0001  max_mem: 19222M
[11/28 18:10:13 d2.utils.events]:  eta: 11:32:42  iter: 2179  total_loss: 199.8  loss_ce: 2.358  contrastive_learning_loss: 91.66  time: 2.3752  data_time: 0.6176  lr: 0.0001  max_mem: 19222M
[11/28 18:11:00 d2.utils.events]:  eta: 11:31:25  iter: 2199  total_loss: 199.4  loss_ce: 2.324  contrastive_learning_loss: 91.63  time: 2.3747  data_time: 0.5860  lr: 0.0001  max_mem: 19222M
[11/28 18:11:49 d2.utils.events]:  eta: 11:30:39  iter: 2219  total_loss: 198.4  loss_ce: 2.355  contrastive_learning_loss: 91.65  time: 2.3753  data_time: 0.6099  lr: 0.0001  max_mem: 19222M
[11/28 18:12:36 d2.utils.events]:  eta: 11:29:56  iter: 2239  total_loss: 197.4  loss_ce: 2.325  contrastive_learning_loss: 91.64  time: 2.3752  data_time: 0.6177  lr: 0.0001  max_mem: 19222M
[11/28 18:13:23 d2.utils.events]:  eta: 11:29:01  iter: 2259  total_loss: 197.1  loss_ce: 2.342  contrastive_learning_loss: 91.63  time: 2.3749  data_time: 0.6084  lr: 0.0001  max_mem: 19222M
[11/28 18:14:11 d2.utils.events]:  eta: 11:28:50  iter: 2279  total_loss: 198.9  loss_ce: 2.313  contrastive_learning_loss: 91.64  time: 2.3749  data_time: 0.6380  lr: 0.0001  max_mem: 19222M
[11/28 18:14:57 d2.utils.events]:  eta: 11:27:51  iter: 2299  total_loss: 197.4  loss_ce: 2.286  contrastive_learning_loss: 91.62  time: 2.3743  data_time: 0.5442  lr: 0.0001  max_mem: 19222M
[11/28 18:15:44 d2.utils.events]:  eta: 11:27:04  iter: 2319  total_loss: 197.1  loss_ce: 2.329  contrastive_learning_loss: 91.65  time: 2.3739  data_time: 0.5994  lr: 0.0001  max_mem: 19222M
[11/28 18:16:32 d2.utils.events]:  eta: 11:26:53  iter: 2339  total_loss: 198.3  loss_ce: 2.361  contrastive_learning_loss: 91.61  time: 2.3741  data_time: 0.6396  lr: 0.0001  max_mem: 19222M
[11/28 18:17:21 d2.utils.events]:  eta: 11:26:46  iter: 2359  total_loss: 196.9  loss_ce: 2.279  contrastive_learning_loss: 91.63  time: 2.3750  data_time: 0.6221  lr: 0.0001  max_mem: 19222M
[11/28 18:18:08 d2.utils.events]:  eta: 11:26:09  iter: 2379  total_loss: 198.1  loss_ce: 2.389  contrastive_learning_loss: 91.63  time: 2.3745  data_time: 0.5674  lr: 0.0001  max_mem: 19222M
[11/28 18:18:54 d2.utils.events]:  eta: 11:25:13  iter: 2399  total_loss: 199.3  loss_ce: 2.436  contrastive_learning_loss: 91.62  time: 2.3741  data_time: 0.5728  lr: 0.0001  max_mem: 19222M
[11/28 18:19:41 d2.utils.events]:  eta: 11:24:23  iter: 2419  total_loss: 197.5  loss_ce: 2.303  contrastive_learning_loss: 91.59  time: 2.3738  data_time: 0.6128  lr: 0.0001  max_mem: 19222M
[11/28 18:20:32 d2.utils.events]:  eta: 11:23:55  iter: 2439  total_loss: 196.5  loss_ce: 2.31  contrastive_learning_loss: 91.58  time: 2.3753  data_time: 0.5959  lr: 0.0001  max_mem: 19222M
[11/28 18:21:23 d2.utils.events]:  eta: 11:23:31  iter: 2459  total_loss: 196  loss_ce: 2.286  contrastive_learning_loss: 91.65  time: 2.3768  data_time: 0.6393  lr: 0.0001  max_mem: 19222M
[11/28 18:22:10 d2.utils.events]:  eta: 11:22:40  iter: 2479  total_loss: 196.5  loss_ce: 2.24  contrastive_learning_loss: 91.61  time: 2.3764  data_time: 0.6201  lr: 0.0001  max_mem: 19222M
[11/28 18:22:56 d2.utils.events]:  eta: 11:21:50  iter: 2499  total_loss: 197  loss_ce: 2.332  contrastive_learning_loss: 91.61  time: 2.3759  data_time: 0.6015  lr: 0.0001  max_mem: 19222M
[11/28 18:23:43 d2.utils.events]:  eta: 11:21:00  iter: 2519  total_loss: 197.4  loss_ce: 2.294  contrastive_learning_loss: 91.59  time: 2.3753  data_time: 0.5756  lr: 0.0001  max_mem: 19222M
[11/28 18:24:30 d2.utils.events]:  eta: 11:20:23  iter: 2539  total_loss: 196.4  loss_ce: 2.292  contrastive_learning_loss: 91.59  time: 2.3751  data_time: 0.6253  lr: 0.0001  max_mem: 19222M
[11/28 18:25:16 d2.utils.events]:  eta: 11:19:26  iter: 2559  total_loss: 195.6  loss_ce: 2.323  contrastive_learning_loss: 91.54  time: 2.3748  data_time: 0.5908  lr: 0.0001  max_mem: 19826M
[11/28 18:26:03 d2.utils.events]:  eta: 11:18:39  iter: 2579  total_loss: 195.5  loss_ce: 2.315  contrastive_learning_loss: 91.61  time: 2.3744  data_time: 0.5932  lr: 0.0001  max_mem: 19826M
[11/28 18:26:49 d2.utils.events]:  eta: 11:17:35  iter: 2599  total_loss: 195.5  loss_ce: 2.249  contrastive_learning_loss: 91.58  time: 2.3740  data_time: 0.6058  lr: 0.0001  max_mem: 19826M
[11/28 18:27:37 d2.utils.events]:  eta: 11:17:06  iter: 2619  total_loss: 195.5  loss_ce: 2.292  contrastive_learning_loss: 91.62  time: 2.3738  data_time: 0.5912  lr: 0.0001  max_mem: 19826M
[11/28 18:28:24 d2.utils.events]:  eta: 11:16:42  iter: 2639  total_loss: 197.1  loss_ce: 2.327  contrastive_learning_loss: 91.61  time: 2.3739  data_time: 0.5750  lr: 0.0001  max_mem: 19826M
[11/28 18:29:14 d2.utils.events]:  eta: 11:16:20  iter: 2659  total_loss: 194.2  loss_ce: 2.284  contrastive_learning_loss: 91.57  time: 2.3748  data_time: 0.5620  lr: 0.0001  max_mem: 19826M
[11/28 18:30:05 d2.utils.events]:  eta: 11:16:16  iter: 2679  total_loss: 195.6  loss_ce: 2.26  contrastive_learning_loss: 91.57  time: 2.3759  data_time: 0.5880  lr: 0.0001  max_mem: 19826M
[11/28 18:30:55 d2.utils.events]:  eta: 11:16:42  iter: 2699  total_loss: 196  loss_ce: 2.354  contrastive_learning_loss: 91.55  time: 2.3769  data_time: 0.5662  lr: 0.0001  max_mem: 19826M
[11/28 18:31:41 d2.utils.events]:  eta: 11:15:55  iter: 2719  total_loss: 194.2  loss_ce: 2.251  contrastive_learning_loss: 91.57  time: 2.3763  data_time: 0.5754  lr: 0.0001  max_mem: 19826M
[11/28 18:32:27 d2.utils.events]:  eta: 11:15:09  iter: 2739  total_loss: 195.2  loss_ce: 2.33  contrastive_learning_loss: 91.61  time: 2.3756  data_time: 0.5723  lr: 0.0001  max_mem: 19826M
[11/28 18:33:13 d2.utils.events]:  eta: 11:13:38  iter: 2759  total_loss: 196.2  loss_ce: 2.283  contrastive_learning_loss: 91.61  time: 2.3750  data_time: 0.5821  lr: 0.0001  max_mem: 19826M
[11/28 18:34:02 d2.utils.events]:  eta: 11:13:38  iter: 2779  total_loss: 195.6  loss_ce: 2.297  contrastive_learning_loss: 91.58  time: 2.3757  data_time: 0.6064  lr: 0.0001  max_mem: 19826M
[11/28 18:34:50 d2.utils.events]:  eta: 11:13:04  iter: 2799  total_loss: 196.1  loss_ce: 2.294  contrastive_learning_loss: 91.56  time: 2.3758  data_time: 0.6070  lr: 0.0001  max_mem: 19826M
[11/28 18:35:36 d2.utils.events]:  eta: 11:11:52  iter: 2819  total_loss: 195.5  loss_ce: 2.349  contrastive_learning_loss: 91.58  time: 2.3751  data_time: 0.5798  lr: 0.0001  max_mem: 19826M
[11/28 18:36:22 d2.utils.events]:  eta: 11:10:35  iter: 2839  total_loss: 195.7  loss_ce: 2.269  contrastive_learning_loss: 91.59  time: 2.3745  data_time: 0.5922  lr: 0.0001  max_mem: 19826M
[11/28 18:37:08 d2.utils.events]:  eta: 11:09:19  iter: 2859  total_loss: 194.3  loss_ce: 2.262  contrastive_learning_loss: 91.6  time: 2.3741  data_time: 0.5943  lr: 0.0001  max_mem: 19826M
Traceback (most recent call last):
  File "/home/wenwen/workspace/GLEE/projects/GLEE/train_net.py", line 256, in <module>
    launch(
  File "/home/wenwen/workspace/GLEE/detectron2/engine/launch.py", line 69, in launch
    mp.spawn(
  File "/home/wenwen/anaconda3/envs/glee/lib/python3.9/site-packages/torch/multiprocessing/spawn.py", line 246, in spawn
    return start_processes(fn, args, nprocs, join, daemon, start_method="spawn")
  File "/home/wenwen/anaconda3/envs/glee/lib/python3.9/site-packages/torch/multiprocessing/spawn.py", line 202, in start_processes
    while not context.join():
  File "/home/wenwen/anaconda3/envs/glee/lib/python3.9/site-packages/torch/multiprocessing/spawn.py", line 145, in join
    raise ProcessExitedException(
torch.multiprocessing.spawn.ProcessExitedException: process 1 terminated with signal SIGKILL
/home/wenwen/anaconda3/envs/glee/lib/python3.9/multiprocessing/resource_tracker.py:216: UserWarning: resource_tracker: There appear to be 80 leaked semaphore objects to clean up at shutdown
  warnings.warn('resource_tracker: There appear to be %d '
